ISO-10303-21;
HEADER;
FILE_DESCRIPTION(('FreeCAD Model'),'2;1');
FILE_NAME('Open CASCADE Shape Model','2025-12-11T13:46:12',('Author'),(
    ''),'Open CASCADE STEP processor 7.8','FreeCAD','Unknown');
FILE_SCHEMA(('AUTOMOTIVE_DESIGN { 1 0 10303 214 1 1 1 1 }'));
ENDSEC;
DATA;
#1 = APPLICATION_PROTOCOL_DEFINITION('international standard',
  'automotive_design',2000,#2);
#2 = APPLICATION_CONTEXT(
  'core data for automotive mechanical design processes');
#3 = SHAPE_DEFINITION_REPRESENTATION(#4,#10);
#4 = PRODUCT_DEFINITION_SHAPE('','',#5);
#5 = PRODUCT_DEFINITION('design','',#6,#9);
#6 = PRODUCT_DEFINITION_FORMATION('','',#7);
#7 = PRODUCT('SameSky_TB010_508_04BE','SameSky_TB010_508_04BE','',(#8));
#8 = PRODUCT_CONTEXT('',#2,'mechanical');
#9 = PRODUCT_DEFINITION_CONTEXT('part definition',#2,'design');
#10 = SHAPE_REPRESENTATION('',(#11,#15,#19,#23,#27,#31,#35),#39);
#11 = AXIS2_PLACEMENT_3D('',#12,#13,#14);
#12 = CARTESIAN_POINT('',(0.,0.,0.));
#13 = DIRECTION('',(0.,0.,1.));
#14 = DIRECTION('',(1.,0.,-0.));
#15 = AXIS2_PLACEMENT_3D('',#16,#17,#18);
#16 = CARTESIAN_POINT('',(0.,0.,0.));
#17 = DIRECTION('',(0.,0.,1.));
#18 = DIRECTION('',(1.,0.,0.));
#19 = AXIS2_PLACEMENT_3D('',#20,#21,#22);
#20 = CARTESIAN_POINT('',(0.,0.,0.));
#21 = DIRECTION('',(0.,0.,1.));
#22 = DIRECTION('',(1.,0.,0.));
#23 = AXIS2_PLACEMENT_3D('',#24,#25,#26);
#24 = CARTESIAN_POINT('',(-2.54,0.,15.75));
#25 = DIRECTION('',(0.,0.,1.));
#26 = DIRECTION('',(1.,0.,0.));
#27 = AXIS2_PLACEMENT_3D('',#28,#29,#30);
#28 = CARTESIAN_POINT('',(5.08,0.,0.));
#29 = DIRECTION('',(0.,0.,1.));
#30 = DIRECTION('',(1.,0.,0.));
#31 = AXIS2_PLACEMENT_3D('',#32,#33,#34);
#32 = CARTESIAN_POINT('',(-2.54,0.,0.));
#33 = DIRECTION('',(0.,0.,1.));
#34 = DIRECTION('',(1.,0.,0.));
#35 = AXIS2_PLACEMENT_3D('',#36,#37,#38);
#36 = CARTESIAN_POINT('',(5.08,0.,0.));
#37 = DIRECTION('',(0.,0.,1.));
#38 = DIRECTION('',(1.,0.,0.));
#39 = ( GEOMETRIC_REPRESENTATION_CONTEXT(3) 
GLOBAL_UNCERTAINTY_ASSIGNED_CONTEXT((#43)) GLOBAL_UNIT_ASSIGNED_CONTEXT(
(#40,#41,#42)) REPRESENTATION_CONTEXT('Context #1',
  '3D Context with UNIT and UNCERTAINTY') );
#40 = ( LENGTH_UNIT() NAMED_UNIT(*) SI_UNIT(.MILLI.,.METRE.) );
#41 = ( NAMED_UNIT(*) PLANE_ANGLE_UNIT() SI_UNIT($,.RADIAN.) );
#42 = ( NAMED_UNIT(*) SI_UNIT($,.STERADIAN.) SOLID_ANGLE_UNIT() );
#43 = UNCERTAINTY_MEASURE_WITH_UNIT(LENGTH_MEASURE(2.E-07),#40,
  'distance_accuracy_value','confusion accuracy');
#44 = PRODUCT_RELATED_PRODUCT_CATEGORY('part',$,(#7));
#45 = SHAPE_DEFINITION_REPRESENTATION(#46,#52);
#46 = PRODUCT_DEFINITION_SHAPE('','',#47);
#47 = PRODUCT_DEFINITION('design','',#48,#51);
#48 = PRODUCT_DEFINITION_FORMATION('','',#49);
#49 = PRODUCT('Body','Body','',(#50));
#50 = PRODUCT_CONTEXT('',#2,'mechanical');
#51 = PRODUCT_DEFINITION_CONTEXT('part definition',#2,'design');
#52 = ADVANCED_BREP_SHAPE_REPRESENTATION('',(#11,#53),#1270);
#53 = MANIFOLD_SOLID_BREP('',#54);
#54 = CLOSED_SHELL('',(#55,#199,#230,#365,#396,#427,#449,#471,#502,#526,
    #550,#567,#584,#647,#671,#695,#712,#797,#814,#826,#843,#855,#879,
    #903,#920,#932,#944,#975,#999,#1023,#1040,#1071,#1095,#1119,#1136,
    #1148,#1160,#1202,#1227,#1236,#1261));
#55 = ADVANCED_FACE('',(#56),#194,.F.);
#56 = FACE_BOUND('',#57,.F.);
#57 = EDGE_LOOP('',(#58,#68,#76,#84,#92,#100,#108,#116,#124,#132,#140,
    #148,#156,#164,#172,#180,#188));
#58 = ORIENTED_EDGE('',*,*,#59,.F.);
#59 = EDGE_CURVE('',#60,#62,#64,.T.);
#60 = VERTEX_POINT('',#61);
#61 = CARTESIAN_POINT('',(-5.08,-2.54,18.2));
#62 = VERTEX_POINT('',#63);
#63 = CARTESIAN_POINT('',(-5.08,1.564999999986,18.2));
#64 = LINE('',#65,#66);
#65 = CARTESIAN_POINT('',(-5.08,-2.54,18.2));
#66 = VECTOR('',#67,1.);
#67 = DIRECTION('',(-8.881784197001E-16,1.,-2.22044604925E-15));
#68 = ORIENTED_EDGE('',*,*,#69,.F.);
#69 = EDGE_CURVE('',#70,#60,#72,.T.);
#70 = VERTEX_POINT('',#71);
#71 = CARTESIAN_POINT('',(-5.08,-2.54,16.6));
#72 = LINE('',#73,#74);
#73 = CARTESIAN_POINT('',(-5.08,-2.54,16.6));
#74 = VECTOR('',#75,1.);
#75 = DIRECTION('',(-2.22044604925E-15,-4.440892098501E-16,1.));
#76 = ORIENTED_EDGE('',*,*,#77,.F.);
#77 = EDGE_CURVE('',#78,#70,#80,.T.);
#78 = VERTEX_POINT('',#79);
#79 = CARTESIAN_POINT('',(-5.08,-5.28,12.));
#80 = LINE('',#81,#82);
#81 = CARTESIAN_POINT('',(-5.08,-5.28,12.));
#82 = VECTOR('',#83,1.);
#83 = DIRECTION('',(-2.362188430219E-15,0.511746516142,0.859136486954));
#84 = ORIENTED_EDGE('',*,*,#85,.F.);
#85 = EDGE_CURVE('',#86,#78,#88,.T.);
#86 = VERTEX_POINT('',#87);
#87 = CARTESIAN_POINT('',(-5.08,-5.66,12.));
#88 = LINE('',#89,#90);
#89 = CARTESIAN_POINT('',(-5.08,-5.66,12.));
#90 = VECTOR('',#91,1.);
#91 = DIRECTION('',(-8.881784197001E-16,1.,-2.22044604925E-15));
#92 = ORIENTED_EDGE('',*,*,#93,.F.);
#93 = EDGE_CURVE('',#94,#86,#96,.T.);
#94 = VERTEX_POINT('',#95);
#95 = CARTESIAN_POINT('',(-5.08,-5.66,5.284661597216E-15));
#96 = LINE('',#97,#98);
#97 = CARTESIAN_POINT('',(-5.08,-5.66,2.39808173319E-14));
#98 = VECTOR('',#99,1.);
#99 = DIRECTION('',(-2.22044604925E-15,-4.440892098501E-16,1.));
#100 = ORIENTED_EDGE('',*,*,#101,.F.);
#101 = EDGE_CURVE('',#102,#94,#104,.T.);
#102 = VERTEX_POINT('',#103);
#103 = CARTESIAN_POINT('',(-5.08,-3.735,2.040034807749E-15));
#104 = LINE('',#105,#106);
#105 = CARTESIAN_POINT('',(-5.08,5.64,-8.881784197001E-16));
#106 = VECTOR('',#107,1.);
#107 = DIRECTION('',(8.881784197001E-16,-1.,2.22044604925E-15));
#108 = ORIENTED_EDGE('',*,*,#109,.T.);
#109 = EDGE_CURVE('',#102,#110,#112,.T.);
#110 = VERTEX_POINT('',#111);
#111 = CARTESIAN_POINT('',(-5.08,-3.735,12.));
#112 = LINE('',#113,#114);
#113 = CARTESIAN_POINT('',(-5.08,-3.735,5.954681192577E-15));
#114 = VECTOR('',#115,1.);
#115 = DIRECTION('',(-1.443289932013E-15,-1.110223024625E-16,1.));
#116 = ORIENTED_EDGE('',*,*,#117,.T.);
#117 = EDGE_CURVE('',#110,#118,#120,.T.);
#118 = VERTEX_POINT('',#119);
#119 = CARTESIAN_POINT('',(-5.08,-3.045,12.));
#120 = LINE('',#121,#122);
#121 = CARTESIAN_POINT('',(-5.08,-3.735,12.));
#122 = VECTOR('',#123,1.);
#123 = DIRECTION('',(-6.661338147751E-16,1.,-1.665334536938E-15));
#124 = ORIENTED_EDGE('',*,*,#125,.F.);
#125 = EDGE_CURVE('',#126,#118,#128,.T.);
#126 = VERTEX_POINT('',#127);
#127 = CARTESIAN_POINT('',(-5.08,-3.045,1.350586309457E-15));
#128 = LINE('',#129,#130);
#129 = CARTESIAN_POINT('',(-5.08,-3.045,4.958811139488E-15));
#130 = VECTOR('',#131,1.);
#131 = DIRECTION('',(-1.443289932013E-15,-1.110223024625E-16,1.));
#132 = ORIENTED_EDGE('',*,*,#133,.F.);
#133 = EDGE_CURVE('',#134,#126,#136,.T.);
#134 = VERTEX_POINT('',#135);
#135 = CARTESIAN_POINT('',(-5.08,5.64,-9.769962616701E-15));
#136 = LINE('',#137,#138);
#137 = CARTESIAN_POINT('',(-5.08,5.64,-8.881784197001E-16));
#138 = VECTOR('',#139,1.);
#139 = DIRECTION('',(8.881784197001E-16,-1.,2.22044604925E-15));
#140 = ORIENTED_EDGE('',*,*,#141,.F.);
#141 = EDGE_CURVE('',#142,#134,#144,.T.);
#142 = VERTEX_POINT('',#143);
#143 = CARTESIAN_POINT('',(-5.08,5.64,10.));
#144 = LINE('',#145,#146);
#145 = CARTESIAN_POINT('',(-5.08,5.64,10.));
#146 = VECTOR('',#147,1.);
#147 = DIRECTION('',(2.22044604925E-15,4.440892098501E-16,-1.));
#148 = ORIENTED_EDGE('',*,*,#149,.F.);
#149 = EDGE_CURVE('',#150,#142,#152,.T.);
#150 = VERTEX_POINT('',#151);
#151 = CARTESIAN_POINT('',(-5.08,3.51,10.));
#152 = LINE('',#153,#154);
#153 = CARTESIAN_POINT('',(-5.08,3.51,10.));
#154 = VECTOR('',#155,1.);
#155 = DIRECTION('',(-8.881784197001E-16,1.,-2.22044604925E-15));
#156 = ORIENTED_EDGE('',*,*,#157,.F.);
#157 = EDGE_CURVE('',#158,#150,#160,.T.);
#158 = VERTEX_POINT('',#159);
#159 = CARTESIAN_POINT('',(-5.08,3.51,18.2));
#160 = LINE('',#161,#162);
#161 = CARTESIAN_POINT('',(-5.08,3.51,18.2));
#162 = VECTOR('',#163,1.);
#163 = DIRECTION('',(2.22044604925E-15,4.440892098501E-16,-1.));
#164 = ORIENTED_EDGE('',*,*,#165,.F.);
#165 = EDGE_CURVE('',#166,#158,#168,.T.);
#166 = VERTEX_POINT('',#167);
#167 = CARTESIAN_POINT('',(-5.08,2.254999999986,18.2));
#168 = LINE('',#169,#170);
#169 = CARTESIAN_POINT('',(-5.08,-2.54,18.2));
#170 = VECTOR('',#171,1.);
#171 = DIRECTION('',(-8.881784197001E-16,1.,-2.22044604925E-15));
#172 = ORIENTED_EDGE('',*,*,#173,.T.);
#173 = EDGE_CURVE('',#166,#174,#176,.T.);
#174 = VERTEX_POINT('',#175);
#175 = CARTESIAN_POINT('',(-5.08,2.254999999986,15.2));
#176 = LINE('',#177,#178);
#177 = CARTESIAN_POINT('',(-5.08,2.254999999986,18.2));
#178 = VECTOR('',#179,1.);
#179 = DIRECTION('',(3.330669073875E-16,-1.110223024625E-16,-1.));
#180 = ORIENTED_EDGE('',*,*,#181,.F.);
#181 = EDGE_CURVE('',#182,#174,#184,.T.);
#182 = VERTEX_POINT('',#183);
#183 = CARTESIAN_POINT('',(-5.08,1.564999999986,15.2));
#184 = LINE('',#185,#186);
#185 = CARTESIAN_POINT('',(-5.08,1.564999999986,15.2));
#186 = VECTOR('',#187,1.);
#187 = DIRECTION('',(-2.22044604925E-16,1.,-5.551115123126E-16));
#188 = ORIENTED_EDGE('',*,*,#189,.F.);
#189 = EDGE_CURVE('',#62,#182,#190,.T.);
#190 = LINE('',#191,#192);
#191 = CARTESIAN_POINT('',(-5.08,1.564999999986,18.2));
#192 = VECTOR('',#193,1.);
#193 = DIRECTION('',(3.330669073875E-16,-1.110223024625E-16,-1.));
#194 = PLANE('',#195);
#195 = AXIS2_PLACEMENT_3D('',#196,#197,#198);
#196 = CARTESIAN_POINT('',(-5.08,4.824105886382E-02,8.383791031908));
#197 = DIRECTION('',(1.,-1.7763568394E-15,-4.440892098501E-16));
#198 = DIRECTION('',(-2.22044604925E-15,-4.440892098501E-16,1.));
#199 = ADVANCED_FACE('',(#200),#225,.T.);
#200 = FACE_BOUND('',#201,.T.);
#201 = EDGE_LOOP('',(#202,#210,#218,#224));
#202 = ORIENTED_EDGE('',*,*,#203,.T.);
#203 = EDGE_CURVE('',#158,#204,#206,.T.);
#204 = VERTEX_POINT('',#205);
#205 = CARTESIAN_POINT('',(5.08,3.51,18.2));
#206 = LINE('',#207,#208);
#207 = CARTESIAN_POINT('',(-5.08,3.51,18.2));
#208 = VECTOR('',#209,1.);
#209 = DIRECTION('',(1.,-1.9963568394E-15,-4.440892098501E-16));
#210 = ORIENTED_EDGE('',*,*,#211,.T.);
#211 = EDGE_CURVE('',#204,#212,#214,.T.);
#212 = VERTEX_POINT('',#213);
#213 = CARTESIAN_POINT('',(5.08,3.51,10.));
#214 = LINE('',#215,#216);
#215 = CARTESIAN_POINT('',(5.08,3.51,18.2));
#216 = VECTOR('',#217,1.);
#217 = DIRECTION('',(2.22044604925E-15,4.440892098501E-16,-1.));
#218 = ORIENTED_EDGE('',*,*,#219,.F.);
#219 = EDGE_CURVE('',#150,#212,#220,.T.);
#220 = LINE('',#221,#222);
#221 = CARTESIAN_POINT('',(-5.08,3.51,10.));
#222 = VECTOR('',#223,1.);
#223 = DIRECTION('',(1.,-1.9963568394E-15,-4.440892098501E-16));
#224 = ORIENTED_EDGE('',*,*,#157,.F.);
#225 = PLANE('',#226);
#226 = AXIS2_PLACEMENT_3D('',#227,#228,#229);
#227 = CARTESIAN_POINT('',(-5.08,3.51,18.2));
#228 = DIRECTION('',(-6.681784197001E-16,1.,-2.22044604925E-15));
#229 = DIRECTION('',(2.44044604925E-15,4.440892098501E-16,-1.));
#230 = ADVANCED_FACE('',(#231),#360,.T.);
#231 = FACE_BOUND('',#232,.T.);
#232 = EDGE_LOOP('',(#233,#243,#251,#259,#267,#275,#283,#291,#299,#307,
    #315,#323,#329,#330,#338,#346,#354));
#233 = ORIENTED_EDGE('',*,*,#234,.F.);
#234 = EDGE_CURVE('',#235,#237,#239,.T.);
#235 = VERTEX_POINT('',#236);
#236 = CARTESIAN_POINT('',(5.08,-2.54,18.2));
#237 = VERTEX_POINT('',#238);
#238 = CARTESIAN_POINT('',(5.08,1.565,18.2));
#239 = LINE('',#240,#241);
#240 = CARTESIAN_POINT('',(5.08,-2.54,18.2));
#241 = VECTOR('',#242,1.);
#242 = DIRECTION('',(-8.881784197001E-16,1.,-2.22044604925E-15));
#243 = ORIENTED_EDGE('',*,*,#244,.F.);
#244 = EDGE_CURVE('',#245,#235,#247,.T.);
#245 = VERTEX_POINT('',#246);
#246 = CARTESIAN_POINT('',(5.08,-2.54,16.6));
#247 = LINE('',#248,#249);
#248 = CARTESIAN_POINT('',(5.08,-2.54,16.6));
#249 = VECTOR('',#250,1.);
#250 = DIRECTION('',(-2.22044604925E-15,-4.440892098501E-16,1.));
#251 = ORIENTED_EDGE('',*,*,#252,.F.);
#252 = EDGE_CURVE('',#253,#245,#255,.T.);
#253 = VERTEX_POINT('',#254);
#254 = CARTESIAN_POINT('',(5.08,-5.28,12.));
#255 = LINE('',#256,#257);
#256 = CARTESIAN_POINT('',(5.08,-5.28,12.));
#257 = VECTOR('',#258,1.);
#258 = DIRECTION('',(-2.362188430219E-15,0.511746516142,0.859136486954)
  );
#259 = ORIENTED_EDGE('',*,*,#260,.F.);
#260 = EDGE_CURVE('',#261,#253,#263,.T.);
#261 = VERTEX_POINT('',#262);
#262 = CARTESIAN_POINT('',(5.08,-5.66,12.));
#263 = LINE('',#264,#265);
#264 = CARTESIAN_POINT('',(5.08,-5.66,12.));
#265 = VECTOR('',#266,1.);
#266 = DIRECTION('',(-8.881784197001E-16,1.,-2.22044604925E-15));
#267 = ORIENTED_EDGE('',*,*,#268,.F.);
#268 = EDGE_CURVE('',#269,#261,#271,.T.);
#269 = VERTEX_POINT('',#270);
#270 = CARTESIAN_POINT('',(5.08,-5.66,9.796607969292E-15));
#271 = LINE('',#272,#273);
#272 = CARTESIAN_POINT('',(5.08,-5.66,8.881784197001E-16));
#273 = VECTOR('',#274,1.);
#274 = DIRECTION('',(-2.22044604925E-15,-4.440892098501E-16,1.));
#275 = ORIENTED_EDGE('',*,*,#276,.F.);
#276 = EDGE_CURVE('',#277,#269,#279,.T.);
#277 = VERTEX_POINT('',#278);
#278 = CARTESIAN_POINT('',(5.08,-3.735,7.231992782408E-15));
#279 = LINE('',#280,#281);
#280 = CARTESIAN_POINT('',(5.08,5.64,-2.39808173319E-14));
#281 = VECTOR('',#282,1.);
#282 = DIRECTION('',(8.881784197001E-16,-1.,2.22044604925E-15));
#283 = ORIENTED_EDGE('',*,*,#284,.T.);
#284 = EDGE_CURVE('',#277,#285,#287,.T.);
#285 = VERTEX_POINT('',#286);
#286 = CARTESIAN_POINT('',(5.08,-3.735,12.));
#287 = LINE('',#288,#289);
#288 = CARTESIAN_POINT('',(5.08,-3.735,6.336042801536E-15));
#289 = VECTOR('',#290,1.);
#290 = DIRECTION('',(-1.998401444325E-15,-2.22044604925E-16,1.));
#291 = ORIENTED_EDGE('',*,*,#292,.T.);
#292 = EDGE_CURVE('',#285,#293,#295,.T.);
#293 = VERTEX_POINT('',#294);
#294 = CARTESIAN_POINT('',(5.08,-3.045,12.));
#295 = LINE('',#296,#297);
#296 = CARTESIAN_POINT('',(5.08,-3.735,12.));
#297 = VECTOR('',#298,1.);
#298 = DIRECTION('',(-8.881784197001E-16,1.,-2.22044604925E-15));
#299 = ORIENTED_EDGE('',*,*,#300,.F.);
#300 = EDGE_CURVE('',#301,#293,#303,.T.);
#301 = VERTEX_POINT('',#302);
#302 = CARTESIAN_POINT('',(5.08,-3.045,6.312728118019E-15));
#303 = LINE('',#304,#305);
#304 = CARTESIAN_POINT('',(5.08,-3.045,4.957145804951E-15));
#305 = VECTOR('',#306,1.);
#306 = DIRECTION('',(-1.998401444325E-15,-2.22044604925E-16,1.));
#307 = ORIENTED_EDGE('',*,*,#308,.F.);
#308 = EDGE_CURVE('',#309,#301,#311,.T.);
#309 = VERTEX_POINT('',#310);
#310 = CARTESIAN_POINT('',(5.08,5.64,-5.258016244625E-15));
#311 = LINE('',#312,#313);
#312 = CARTESIAN_POINT('',(5.08,5.64,-2.39808173319E-14));
#313 = VECTOR('',#314,1.);
#314 = DIRECTION('',(8.881784197001E-16,-1.,2.22044604925E-15));
#315 = ORIENTED_EDGE('',*,*,#316,.F.);
#316 = EDGE_CURVE('',#317,#309,#319,.T.);
#317 = VERTEX_POINT('',#318);
#318 = CARTESIAN_POINT('',(5.08,5.64,10.));
#319 = LINE('',#320,#321);
#320 = CARTESIAN_POINT('',(5.08,5.64,10.));
#321 = VECTOR('',#322,1.);
#322 = DIRECTION('',(2.22044604925E-15,4.440892098501E-16,-1.));
#323 = ORIENTED_EDGE('',*,*,#324,.F.);
#324 = EDGE_CURVE('',#212,#317,#325,.T.);
#325 = LINE('',#326,#327);
#326 = CARTESIAN_POINT('',(5.08,3.51,10.));
#327 = VECTOR('',#328,1.);
#328 = DIRECTION('',(-8.881784197001E-16,1.,-2.22044604925E-15));
#329 = ORIENTED_EDGE('',*,*,#211,.F.);
#330 = ORIENTED_EDGE('',*,*,#331,.F.);
#331 = EDGE_CURVE('',#332,#204,#334,.T.);
#332 = VERTEX_POINT('',#333);
#333 = CARTESIAN_POINT('',(5.08,2.255,18.2));
#334 = LINE('',#335,#336);
#335 = CARTESIAN_POINT('',(5.08,-2.54,18.2));
#336 = VECTOR('',#337,1.);
#337 = DIRECTION('',(-8.881784197001E-16,1.,-2.22044604925E-15));
#338 = ORIENTED_EDGE('',*,*,#339,.T.);
#339 = EDGE_CURVE('',#332,#340,#342,.T.);
#340 = VERTEX_POINT('',#341);
#341 = CARTESIAN_POINT('',(5.08,2.255,15.2));
#342 = LINE('',#343,#344);
#343 = CARTESIAN_POINT('',(5.08,2.255,18.2));
#344 = VECTOR('',#345,1.);
#345 = DIRECTION('',(8.881784197001E-16,-2.958228394579E-31,-1.));
#346 = ORIENTED_EDGE('',*,*,#347,.T.);
#347 = EDGE_CURVE('',#340,#348,#350,.T.);
#348 = VERTEX_POINT('',#349);
#349 = CARTESIAN_POINT('',(5.08,1.565,15.2));
#350 = LINE('',#351,#352);
#351 = CARTESIAN_POINT('',(5.08,2.255,15.2));
#352 = VECTOR('',#353,1.);
#353 = DIRECTION('',(4.440892098501E-16,-1.,1.110223024625E-15));
#354 = ORIENTED_EDGE('',*,*,#355,.F.);
#355 = EDGE_CURVE('',#237,#348,#356,.T.);
#356 = LINE('',#357,#358);
#357 = CARTESIAN_POINT('',(5.08,1.565,18.2));
#358 = VECTOR('',#359,1.);
#359 = DIRECTION('',(8.881784197001E-16,-2.958228394579E-31,-1.));
#360 = PLANE('',#361);
#361 = AXIS2_PLACEMENT_3D('',#362,#363,#364);
#362 = CARTESIAN_POINT('',(5.08,4.824105886381E-02,8.383791031908));
#363 = DIRECTION('',(1.,-1.7763568394E-15,-4.440892098501E-16));
#364 = DIRECTION('',(-2.22044604925E-15,-4.440892098501E-16,1.));
#365 = ADVANCED_FACE('',(#366),#391,.T.);
#366 = FACE_BOUND('',#367,.T.);
#367 = EDGE_LOOP('',(#368,#378,#384,#385));
#368 = ORIENTED_EDGE('',*,*,#369,.T.);
#369 = EDGE_CURVE('',#370,#372,#374,.T.);
#370 = VERTEX_POINT('',#371);
#371 = CARTESIAN_POINT('',(4.68,2.41,18.2));
#372 = VERTEX_POINT('',#373);
#373 = CARTESIAN_POINT('',(4.68,2.41,15.2));
#374 = LINE('',#375,#376);
#375 = CARTESIAN_POINT('',(4.68,2.41,18.2));
#376 = VECTOR('',#377,1.);
#377 = DIRECTION('',(8.881784197001E-16,-2.958228394579E-31,-1.));
#378 = ORIENTED_EDGE('',*,*,#379,.T.);
#379 = EDGE_CURVE('',#372,#340,#380,.T.);
#380 = LINE('',#381,#382);
#381 = CARTESIAN_POINT('',(4.68,2.41,15.2));
#382 = VECTOR('',#383,1.);
#383 = DIRECTION('',(0.932441465184,-0.361321067759,1.941033719554E-16)
  );
#384 = ORIENTED_EDGE('',*,*,#339,.F.);
#385 = ORIENTED_EDGE('',*,*,#386,.F.);
#386 = EDGE_CURVE('',#370,#332,#387,.T.);
#387 = LINE('',#388,#389);
#388 = CARTESIAN_POINT('',(4.68,2.41,18.2));
#389 = VECTOR('',#390,1.);
#390 = DIRECTION('',(0.932441465184,-0.361321067759,1.941033719554E-16)
  );
#391 = PLANE('',#392);
#392 = AXIS2_PLACEMENT_3D('',#393,#394,#395);
#393 = CARTESIAN_POINT('',(4.68,2.41,18.2));
#394 = DIRECTION('',(-0.361321067759,-0.932441465184,5.409013965157E-16)
  );
#395 = DIRECTION('',(0.932441465184,-0.361321067759,3.209175749662E-16)
  );
#396 = ADVANCED_FACE('',(#397),#422,.F.);
#397 = FACE_BOUND('',#398,.F.);
#398 = EDGE_LOOP('',(#399,#400,#408,#416));
#399 = ORIENTED_EDGE('',*,*,#369,.T.);
#400 = ORIENTED_EDGE('',*,*,#401,.T.);
#401 = EDGE_CURVE('',#372,#402,#404,.T.);
#402 = VERTEX_POINT('',#403);
#403 = CARTESIAN_POINT('',(4.68,1.41,15.2));
#404 = LINE('',#405,#406);
#405 = CARTESIAN_POINT('',(4.68,2.41,15.2));
#406 = VECTOR('',#407,1.);
#407 = DIRECTION('',(4.440892098501E-16,-1.,1.110223024625E-15));
#408 = ORIENTED_EDGE('',*,*,#409,.F.);
#409 = EDGE_CURVE('',#410,#402,#412,.T.);
#410 = VERTEX_POINT('',#411);
#411 = CARTESIAN_POINT('',(4.68,1.41,18.2));
#412 = LINE('',#413,#414);
#413 = CARTESIAN_POINT('',(4.68,1.41,18.2));
#414 = VECTOR('',#415,1.);
#415 = DIRECTION('',(8.881784197001E-16,-2.958228394579E-31,-1.));
#416 = ORIENTED_EDGE('',*,*,#417,.F.);
#417 = EDGE_CURVE('',#370,#410,#418,.T.);
#418 = LINE('',#419,#420);
#419 = CARTESIAN_POINT('',(4.68,2.41,18.2));
#420 = VECTOR('',#421,1.);
#421 = DIRECTION('',(4.440892098501E-16,-1.,1.110223024625E-15));
#422 = PLANE('',#423);
#423 = AXIS2_PLACEMENT_3D('',#424,#425,#426);
#424 = CARTESIAN_POINT('',(4.68,2.41,18.2));
#425 = DIRECTION('',(-1.,4.440892098501E-16,-2.22044604925E-16));
#426 = DIRECTION('',(2.22044604925E-16,-1.,8.881784197001E-16));
#427 = ADVANCED_FACE('',(#428),#444,.F.);
#428 = FACE_BOUND('',#429,.F.);
#429 = EDGE_LOOP('',(#430,#431,#437,#438));
#430 = ORIENTED_EDGE('',*,*,#409,.T.);
#431 = ORIENTED_EDGE('',*,*,#432,.T.);
#432 = EDGE_CURVE('',#402,#348,#433,.T.);
#433 = LINE('',#434,#435);
#434 = CARTESIAN_POINT('',(4.68,1.41,15.2));
#435 = VECTOR('',#436,1.);
#436 = DIRECTION('',(0.932441465184,0.361321067759,-6.081905654602E-16)
  );
#437 = ORIENTED_EDGE('',*,*,#355,.F.);
#438 = ORIENTED_EDGE('',*,*,#439,.F.);
#439 = EDGE_CURVE('',#410,#237,#440,.T.);
#440 = LINE('',#441,#442);
#441 = CARTESIAN_POINT('',(4.68,1.41,18.2));
#442 = VECTOR('',#443,1.);
#443 = DIRECTION('',(0.932441465184,0.361321067759,-6.081905654602E-16)
  );
#444 = PLANE('',#445);
#445 = AXIS2_PLACEMENT_3D('',#446,#447,#448);
#446 = CARTESIAN_POINT('',(4.68,1.41,18.2));
#447 = DIRECTION('',(0.361321067759,-0.932441465184,7.013601839988E-16)
  );
#448 = DIRECTION('',(0.932441465184,0.361321067759,-3.209175749662E-16)
  );
#449 = ADVANCED_FACE('',(#450),#466,.T.);
#450 = FACE_BOUND('',#451,.T.);
#451 = EDGE_LOOP('',(#452,#458,#459,#465));
#452 = ORIENTED_EDGE('',*,*,#453,.T.);
#453 = EDGE_CURVE('',#70,#245,#454,.T.);
#454 = LINE('',#455,#456);
#455 = CARTESIAN_POINT('',(-5.08,-2.54,16.6));
#456 = VECTOR('',#457,1.);
#457 = DIRECTION('',(1.,-1.9963568394E-15,-4.440892098501E-16));
#458 = ORIENTED_EDGE('',*,*,#244,.T.);
#459 = ORIENTED_EDGE('',*,*,#460,.F.);
#460 = EDGE_CURVE('',#60,#235,#461,.T.);
#461 = LINE('',#462,#463);
#462 = CARTESIAN_POINT('',(-5.08,-2.54,18.2));
#463 = VECTOR('',#464,1.);
#464 = DIRECTION('',(1.,-1.9963568394E-15,-4.440892098501E-16));
#465 = ORIENTED_EDGE('',*,*,#69,.F.);
#466 = PLANE('',#467);
#467 = AXIS2_PLACEMENT_3D('',#468,#469,#470);
#468 = CARTESIAN_POINT('',(-5.08,-2.54,16.6));
#469 = DIRECTION('',(6.681784197001E-16,-1.,2.22044604925E-15));
#470 = DIRECTION('',(-2.44044604925E-15,-4.440892098501E-16,1.));
#471 = ADVANCED_FACE('',(#472),#497,.T.);
#472 = FACE_BOUND('',#473,.T.);
#473 = EDGE_LOOP('',(#474,#484,#490,#491));
#474 = ORIENTED_EDGE('',*,*,#475,.T.);
#475 = EDGE_CURVE('',#476,#478,#480,.T.);
#476 = VERTEX_POINT('',#477);
#477 = CARTESIAN_POINT('',(-5.48,1.41,18.2));
#478 = VERTEX_POINT('',#479);
#479 = CARTESIAN_POINT('',(-5.48,1.41,15.2));
#480 = LINE('',#481,#482);
#481 = CARTESIAN_POINT('',(-5.48,1.41,18.2));
#482 = VECTOR('',#483,1.);
#483 = DIRECTION('',(3.330669073875E-16,-1.110223024625E-16,-1.));
#484 = ORIENTED_EDGE('',*,*,#485,.T.);
#485 = EDGE_CURVE('',#478,#182,#486,.T.);
#486 = LINE('',#487,#488);
#487 = CARTESIAN_POINT('',(-5.48,1.41,15.2));
#488 = VECTOR('',#489,1.);
#489 = DIRECTION('',(0.932441465194,0.361321067731,-3.04095282716E-16));
#490 = ORIENTED_EDGE('',*,*,#189,.F.);
#491 = ORIENTED_EDGE('',*,*,#492,.F.);
#492 = EDGE_CURVE('',#476,#62,#493,.T.);
#493 = LINE('',#494,#495);
#494 = CARTESIAN_POINT('',(-5.48,1.41,18.2));
#495 = VECTOR('',#496,1.);
#496 = DIRECTION('',(0.932441465194,0.361321067731,-3.04095282716E-16));
#497 = PLANE('',#498);
#498 = AXIS2_PLACEMENT_3D('',#499,#500,#501);
#499 = CARTESIAN_POINT('',(-5.48,1.41,18.2));
#500 = DIRECTION('',(0.361321067731,-0.932441465194,2.238658889806E-16)
  );
#501 = DIRECTION('',(0.932441465194,0.361321067731,-1.682229222577E-17)
  );
#502 = ADVANCED_FACE('',(#503),#521,.F.);
#503 = FACE_BOUND('',#504,.F.);
#504 = EDGE_LOOP('',(#505,#513,#514,#515));
#505 = ORIENTED_EDGE('',*,*,#506,.T.);
#506 = EDGE_CURVE('',#507,#478,#509,.T.);
#507 = VERTEX_POINT('',#508);
#508 = CARTESIAN_POINT('',(-5.48,2.41,15.2));
#509 = LINE('',#510,#511);
#510 = CARTESIAN_POINT('',(-5.48,2.41,15.2));
#511 = VECTOR('',#512,1.);
#512 = DIRECTION('',(2.22044604925E-16,-1.,5.551115123126E-16));
#513 = ORIENTED_EDGE('',*,*,#485,.T.);
#514 = ORIENTED_EDGE('',*,*,#181,.T.);
#515 = ORIENTED_EDGE('',*,*,#516,.T.);
#516 = EDGE_CURVE('',#174,#507,#517,.T.);
#517 = LINE('',#518,#519);
#518 = CARTESIAN_POINT('',(-5.08,2.254999999986,15.2));
#519 = VECTOR('',#520,1.);
#520 = DIRECTION('',(-0.932441465173,0.361321067786,-9.705168599418E-17)
  );
#521 = PLANE('',#522);
#522 = AXIS2_PLACEMENT_3D('',#523,#524,#525);
#523 = CARTESIAN_POINT('',(-5.304333166229,1.909999999996,15.2));
#524 = DIRECTION('',(-5.551115123126E-16,-1.110223024625E-16,1.));
#525 = DIRECTION('',(1.,-4.440892098501E-16,-1.110223024625E-16));
#526 = ADVANCED_FACE('',(#527),#545,.T.);
#527 = FACE_BOUND('',#528,.T.);
#528 = EDGE_LOOP('',(#529,#530,#531,#539));
#529 = ORIENTED_EDGE('',*,*,#173,.T.);
#530 = ORIENTED_EDGE('',*,*,#516,.T.);
#531 = ORIENTED_EDGE('',*,*,#532,.F.);
#532 = EDGE_CURVE('',#533,#507,#535,.T.);
#533 = VERTEX_POINT('',#534);
#534 = CARTESIAN_POINT('',(-5.48,2.41,18.2));
#535 = LINE('',#536,#537);
#536 = CARTESIAN_POINT('',(-5.48,2.41,18.2));
#537 = VECTOR('',#538,1.);
#538 = DIRECTION('',(3.330669073875E-16,-1.110223024625E-16,-1.));
#539 = ORIENTED_EDGE('',*,*,#540,.F.);
#540 = EDGE_CURVE('',#166,#533,#541,.T.);
#541 = LINE('',#542,#543);
#542 = CARTESIAN_POINT('',(-5.08,2.254999999986,18.2));
#543 = VECTOR('',#544,1.);
#544 = DIRECTION('',(-0.932441465173,0.361321067786,-9.705168599418E-17)
  );
#545 = PLANE('',#546);
#546 = AXIS2_PLACEMENT_3D('',#547,#548,#549);
#547 = CARTESIAN_POINT('',(-5.08,2.254999999986,18.2));
#548 = DIRECTION('',(0.361321067786,0.932441465173,1.68222922465E-17));
#549 = DIRECTION('',(-0.932441465173,0.361321067786,-2.238658889965E-16)
  );
#550 = ADVANCED_FACE('',(#551),#562,.T.);
#551 = FACE_BOUND('',#552,.T.);
#552 = EDGE_LOOP('',(#553,#554,#555,#561));
#553 = ORIENTED_EDGE('',*,*,#219,.T.);
#554 = ORIENTED_EDGE('',*,*,#324,.T.);
#555 = ORIENTED_EDGE('',*,*,#556,.F.);
#556 = EDGE_CURVE('',#142,#317,#557,.T.);
#557 = LINE('',#558,#559);
#558 = CARTESIAN_POINT('',(-5.08,5.64,10.));
#559 = VECTOR('',#560,1.);
#560 = DIRECTION('',(1.,-1.9963568394E-15,-4.440892098501E-16));
#561 = ORIENTED_EDGE('',*,*,#149,.F.);
#562 = PLANE('',#563);
#563 = AXIS2_PLACEMENT_3D('',#564,#565,#566);
#564 = CARTESIAN_POINT('',(-5.08,3.51,10.));
#565 = DIRECTION('',(-2.22044604925E-15,-2.240892098501E-16,1.));
#566 = DIRECTION('',(-8.881784197001E-16,1.,-2.44044604925E-15));
#567 = ADVANCED_FACE('',(#568),#579,.T.);
#568 = FACE_BOUND('',#569,.T.);
#569 = EDGE_LOOP('',(#570,#571,#572,#578));
#570 = ORIENTED_EDGE('',*,*,#556,.T.);
#571 = ORIENTED_EDGE('',*,*,#316,.T.);
#572 = ORIENTED_EDGE('',*,*,#573,.F.);
#573 = EDGE_CURVE('',#134,#309,#574,.T.);
#574 = LINE('',#575,#576);
#575 = CARTESIAN_POINT('',(-5.08,5.64,-1.151734253173E-14));
#576 = VECTOR('',#577,1.);
#577 = DIRECTION('',(1.,-1.9963568394E-15,-4.440892098501E-16));
#578 = ORIENTED_EDGE('',*,*,#141,.F.);
#579 = PLANE('',#580);
#580 = AXIS2_PLACEMENT_3D('',#581,#582,#583);
#581 = CARTESIAN_POINT('',(-5.08,5.64,10.));
#582 = DIRECTION('',(-6.681784197001E-16,1.,-2.22044604925E-15));
#583 = DIRECTION('',(2.44044604925E-15,4.440892098501E-16,-1.));
#584 = ADVANCED_FACE('',(#585),#642,.T.);
#585 = FACE_BOUND('',#586,.T.);
#586 = EDGE_LOOP('',(#587,#588,#589,#590,#598,#606,#612,#613,#619,#620,
    #628,#636));
#587 = ORIENTED_EDGE('',*,*,#133,.F.);
#588 = ORIENTED_EDGE('',*,*,#573,.T.);
#589 = ORIENTED_EDGE('',*,*,#308,.T.);
#590 = ORIENTED_EDGE('',*,*,#591,.T.);
#591 = EDGE_CURVE('',#301,#592,#594,.T.);
#592 = VERTEX_POINT('',#593);
#593 = CARTESIAN_POINT('',(5.48,-2.89,6.283862319378E-15));
#594 = LINE('',#595,#596);
#595 = CARTESIAN_POINT('',(5.08,-3.045,4.505285033929E-15));
#596 = VECTOR('',#597,1.);
#597 = DIRECTION('',(0.932441465184,0.361321067759,-1.21638113092E-15));
#598 = ORIENTED_EDGE('',*,*,#599,.T.);
#599 = EDGE_CURVE('',#592,#600,#602,.T.);
#600 = VERTEX_POINT('',#601);
#601 = CARTESIAN_POINT('',(5.48,-3.89,7.616129948929E-15));
#602 = LINE('',#603,#604);
#603 = CARTESIAN_POINT('',(5.48,-2.89,3.983480212355E-15));
#604 = VECTOR('',#605,1.);
#605 = DIRECTION('',(8.881784197001E-16,-1.,2.22044604925E-15));
#606 = ORIENTED_EDGE('',*,*,#607,.T.);
#607 = EDGE_CURVE('',#600,#277,#608,.T.);
#608 = LINE('',#609,#610);
#609 = CARTESIAN_POINT('',(5.48,-3.89,6.203926261605E-15));
#610 = VECTOR('',#611,1.);
#611 = DIRECTION('',(-0.932441465184,0.361321067759,-3.882067439108E-16)
  );
#612 = ORIENTED_EDGE('',*,*,#276,.T.);
#613 = ORIENTED_EDGE('',*,*,#614,.F.);
#614 = EDGE_CURVE('',#94,#269,#615,.T.);
#615 = LINE('',#616,#617);
#616 = CARTESIAN_POINT('',(-5.08,-5.66,1.60836978248E-14));
#617 = VECTOR('',#618,1.);
#618 = DIRECTION('',(1.,-1.9963568394E-15,-4.440892098501E-16));
#619 = ORIENTED_EDGE('',*,*,#101,.F.);
#620 = ORIENTED_EDGE('',*,*,#621,.F.);
#621 = EDGE_CURVE('',#622,#102,#624,.T.);
#622 = VERTEX_POINT('',#623);
#623 = CARTESIAN_POINT('',(-4.68,-3.89,2.328137682639E-15));
#624 = LINE('',#625,#626);
#625 = CARTESIAN_POINT('',(-4.68,-3.89,8.036904475262E-15));
#626 = VECTOR('',#627,1.);
#627 = DIRECTION('',(-0.932441465184,0.361321067759,-2.911550579331E-16)
  );
#628 = ORIENTED_EDGE('',*,*,#629,.F.);
#629 = EDGE_CURVE('',#630,#622,#632,.T.);
#630 = VERTEX_POINT('',#631);
#631 = CARTESIAN_POINT('',(-4.68,-2.89,1.328936960476E-15));
#632 = LINE('',#633,#634);
#633 = CARTESIAN_POINT('',(-4.68,-2.89,6.371569938324E-15));
#634 = VECTOR('',#635,1.);
#635 = DIRECTION('',(6.661338147751E-16,-1.,1.665334536938E-15));
#636 = ORIENTED_EDGE('',*,*,#637,.F.);
#637 = EDGE_CURVE('',#126,#630,#638,.T.);
#638 = LINE('',#639,#640);
#639 = CARTESIAN_POINT('',(-5.08,-3.045,6.762923554504E-15));
#640 = VECTOR('',#641,1.);
#641 = DIRECTION('',(0.932441465184,0.361321067759,-9.122858481903E-16)
  );
#642 = PLANE('',#643);
#643 = AXIS2_PLACEMENT_3D('',#644,#645,#646);
#644 = CARTESIAN_POINT('',(0.147542382859,-9.954176366085E-02,
    1.684678980535E-16));
#645 = DIRECTION('',(1.7763568394E-15,-1.14986657316E-16,-1.));
#646 = DIRECTION('',(6.661338147751E-16,-1.,2.113388101641E-15));
#647 = ADVANCED_FACE('',(#648),#666,.F.);
#648 = FACE_BOUND('',#649,.F.);
#649 = EDGE_LOOP('',(#650,#651,#659,#665));
#650 = ORIENTED_EDGE('',*,*,#125,.T.);
#651 = ORIENTED_EDGE('',*,*,#652,.T.);
#652 = EDGE_CURVE('',#118,#653,#655,.T.);
#653 = VERTEX_POINT('',#654);
#654 = CARTESIAN_POINT('',(-4.68,-2.89,12.));
#655 = LINE('',#656,#657);
#656 = CARTESIAN_POINT('',(-5.08,-3.045,12.));
#657 = VECTOR('',#658,1.);
#658 = DIRECTION('',(0.932441465184,0.361321067759,-9.122858481903E-16)
  );
#659 = ORIENTED_EDGE('',*,*,#660,.F.);
#660 = EDGE_CURVE('',#630,#653,#661,.T.);
#661 = LINE('',#662,#663);
#662 = CARTESIAN_POINT('',(-4.68,-2.89,4.690692279041E-15));
#663 = VECTOR('',#664,1.);
#664 = DIRECTION('',(-1.443289932013E-15,-1.110223024625E-16,1.));
#665 = ORIENTED_EDGE('',*,*,#637,.F.);
#666 = PLANE('',#667);
#667 = AXIS2_PLACEMENT_3D('',#668,#669,#670);
#668 = CARTESIAN_POINT('',(-5.08,-3.045,4.958811139488E-15));
#669 = DIRECTION('',(-0.361321067759,0.932441465184,-1.178854479009E-15)
  );
#670 = DIRECTION('',(0.932441465184,0.361321067759,-6.250128576963E-16)
  );
#671 = ADVANCED_FACE('',(#672),#690,.F.);
#672 = FACE_BOUND('',#673,.T.);
#673 = EDGE_LOOP('',(#674,#675,#683,#689));
#674 = ORIENTED_EDGE('',*,*,#652,.T.);
#675 = ORIENTED_EDGE('',*,*,#676,.T.);
#676 = EDGE_CURVE('',#653,#677,#679,.T.);
#677 = VERTEX_POINT('',#678);
#678 = CARTESIAN_POINT('',(-4.68,-3.89,12.));
#679 = LINE('',#680,#681);
#680 = CARTESIAN_POINT('',(-4.68,-2.89,12.));
#681 = VECTOR('',#682,1.);
#682 = DIRECTION('',(6.661338147751E-16,-1.,1.665334536938E-15));
#683 = ORIENTED_EDGE('',*,*,#684,.T.);
#684 = EDGE_CURVE('',#677,#110,#685,.T.);
#685 = LINE('',#686,#687);
#686 = CARTESIAN_POINT('',(-4.68,-3.89,12.));
#687 = VECTOR('',#688,1.);
#688 = DIRECTION('',(-0.932441465184,0.361321067759,-2.911550579331E-16)
  );
#689 = ORIENTED_EDGE('',*,*,#117,.T.);
#690 = PLANE('',#691);
#691 = AXIS2_PLACEMENT_3D('',#692,#693,#694);
#692 = CARTESIAN_POINT('',(-4.855666833771,-3.39,12.));
#693 = DIRECTION('',(-1.665334536938E-15,-3.330669073875E-16,1.));
#694 = DIRECTION('',(1.,-1.33226762955E-15,-3.330669073875E-16));
#695 = ADVANCED_FACE('',(#696),#707,.F.);
#696 = FACE_BOUND('',#697,.F.);
#697 = EDGE_LOOP('',(#698,#704,#705,#706));
#698 = ORIENTED_EDGE('',*,*,#699,.T.);
#699 = EDGE_CURVE('',#622,#677,#700,.T.);
#700 = LINE('',#701,#702);
#701 = CARTESIAN_POINT('',(-4.68,-3.89,6.133982211054E-15));
#702 = VECTOR('',#703,1.);
#703 = DIRECTION('',(-1.443289932013E-15,-1.110223024625E-16,1.));
#704 = ORIENTED_EDGE('',*,*,#684,.T.);
#705 = ORIENTED_EDGE('',*,*,#109,.F.);
#706 = ORIENTED_EDGE('',*,*,#621,.F.);
#707 = PLANE('',#708);
#708 = AXIS2_PLACEMENT_3D('',#709,#710,#711);
#709 = CARTESIAN_POINT('',(-4.68,-3.89,6.133982211054E-15));
#710 = DIRECTION('',(-0.361321067759,-0.932441465184,1.098625085267E-15)
  );
#711 = DIRECTION('',(-0.932441465184,0.361321067759,-4.179692609439E-16)
  );
#712 = ADVANCED_FACE('',(#713,#724,#758),#792,.T.);
#713 = FACE_BOUND('',#714,.T.);
#714 = EDGE_LOOP('',(#715,#716,#717,#723));
#715 = ORIENTED_EDGE('',*,*,#614,.T.);
#716 = ORIENTED_EDGE('',*,*,#268,.T.);
#717 = ORIENTED_EDGE('',*,*,#718,.F.);
#718 = EDGE_CURVE('',#86,#261,#719,.T.);
#719 = LINE('',#720,#721);
#720 = CARTESIAN_POINT('',(-5.08,-5.66,12.));
#721 = VECTOR('',#722,1.);
#722 = DIRECTION('',(1.,-1.9963568394E-15,-4.440892098501E-16));
#723 = ORIENTED_EDGE('',*,*,#93,.F.);
#724 = FACE_BOUND('',#725,.T.);
#725 = EDGE_LOOP('',(#726,#736,#744,#752));
#726 = ORIENTED_EDGE('',*,*,#727,.F.);
#727 = EDGE_CURVE('',#728,#730,#732,.T.);
#728 = VERTEX_POINT('',#729);
#729 = CARTESIAN_POINT('',(0.71,-5.66,8.45));
#730 = VERTEX_POINT('',#731);
#731 = CARTESIAN_POINT('',(0.71,-5.66,3.6));
#732 = LINE('',#733,#734);
#733 = CARTESIAN_POINT('',(0.71,-5.66,8.45));
#734 = VECTOR('',#735,1.);
#735 = DIRECTION('',(2.66044604925E-15,8.840892098501E-16,-1.));
#736 = ORIENTED_EDGE('',*,*,#737,.T.);
#737 = EDGE_CURVE('',#728,#738,#740,.T.);
#738 = VERTEX_POINT('',#739);
#739 = CARTESIAN_POINT('',(4.37,-5.66,8.45));
#740 = LINE('',#741,#742);
#741 = CARTESIAN_POINT('',(0.71,-5.66,8.45));
#742 = VECTOR('',#743,1.);
#743 = DIRECTION('',(1.,-2.6663568394E-15,2.259107901499E-16));
#744 = ORIENTED_EDGE('',*,*,#745,.T.);
#745 = EDGE_CURVE('',#738,#746,#748,.T.);
#746 = VERTEX_POINT('',#747);
#747 = CARTESIAN_POINT('',(4.37,-5.66,3.6));
#748 = LINE('',#749,#750);
#749 = CARTESIAN_POINT('',(4.37,-5.66,8.45));
#750 = VECTOR('',#751,1.);
#751 = DIRECTION('',(2.66044604925E-15,8.840892098501E-16,-1.));
#752 = ORIENTED_EDGE('',*,*,#753,.F.);
#753 = EDGE_CURVE('',#730,#746,#754,.T.);
#754 = LINE('',#755,#756);
#755 = CARTESIAN_POINT('',(0.71,-5.66,3.6));
#756 = VECTOR('',#757,1.);
#757 = DIRECTION('',(1.,-2.6663568394E-15,2.259107901499E-16));
#758 = FACE_BOUND('',#759,.T.);
#759 = EDGE_LOOP('',(#760,#770,#778,#786));
#760 = ORIENTED_EDGE('',*,*,#761,.F.);
#761 = EDGE_CURVE('',#762,#764,#766,.T.);
#762 = VERTEX_POINT('',#763);
#763 = CARTESIAN_POINT('',(-0.71,-5.66,8.45));
#764 = VERTEX_POINT('',#765);
#765 = CARTESIAN_POINT('',(-4.37,-5.66,8.45));
#766 = LINE('',#767,#768);
#767 = CARTESIAN_POINT('',(-0.71,-5.66,8.45));
#768 = VECTOR('',#769,1.);
#769 = DIRECTION('',(-1.,1.9963568394E-15,4.440892098501E-16));
#770 = ORIENTED_EDGE('',*,*,#771,.T.);
#771 = EDGE_CURVE('',#762,#772,#774,.T.);
#772 = VERTEX_POINT('',#773);
#773 = CARTESIAN_POINT('',(-0.71,-5.66,3.6));
#774 = LINE('',#775,#776);
#775 = CARTESIAN_POINT('',(-0.71,-5.66,8.45));
#776 = VECTOR('',#777,1.);
#777 = DIRECTION('',(2.22044604925E-15,4.440892098501E-16,-1.));
#778 = ORIENTED_EDGE('',*,*,#779,.T.);
#779 = EDGE_CURVE('',#772,#780,#782,.T.);
#780 = VERTEX_POINT('',#781);
#781 = CARTESIAN_POINT('',(-4.37,-5.66,3.6));
#782 = LINE('',#783,#784);
#783 = CARTESIAN_POINT('',(-0.71,-5.66,3.6));
#784 = VECTOR('',#785,1.);
#785 = DIRECTION('',(-1.,1.9963568394E-15,4.440892098501E-16));
#786 = ORIENTED_EDGE('',*,*,#787,.F.);
#787 = EDGE_CURVE('',#764,#780,#788,.T.);
#788 = LINE('',#789,#790);
#789 = CARTESIAN_POINT('',(-4.37,-5.66,8.45));
#790 = VECTOR('',#791,1.);
#791 = DIRECTION('',(2.22044604925E-15,4.440892098501E-16,-1.));
#792 = PLANE('',#793);
#793 = AXIS2_PLACEMENT_3D('',#794,#795,#796);
#794 = CARTESIAN_POINT('',(-5.08,-5.66,1.60836978248E-14));
#795 = DIRECTION('',(6.681784197001E-16,-1.,2.22044604925E-15));
#796 = DIRECTION('',(-2.44044604925E-15,-4.440892098501E-16,1.));
#797 = ADVANCED_FACE('',(#798),#809,.T.);
#798 = FACE_BOUND('',#799,.T.);
#799 = EDGE_LOOP('',(#800,#801,#802,#808));
#800 = ORIENTED_EDGE('',*,*,#718,.T.);
#801 = ORIENTED_EDGE('',*,*,#260,.T.);
#802 = ORIENTED_EDGE('',*,*,#803,.F.);
#803 = EDGE_CURVE('',#78,#253,#804,.T.);
#804 = LINE('',#805,#806);
#805 = CARTESIAN_POINT('',(-5.08,-5.28,12.));
#806 = VECTOR('',#807,1.);
#807 = DIRECTION('',(1.,-1.9963568394E-15,-4.440892098501E-16));
#808 = ORIENTED_EDGE('',*,*,#85,.F.);
#809 = PLANE('',#810);
#810 = AXIS2_PLACEMENT_3D('',#811,#812,#813);
#811 = CARTESIAN_POINT('',(-5.08,-5.66,12.));
#812 = DIRECTION('',(-2.22044604925E-15,-2.240892098501E-16,1.));
#813 = DIRECTION('',(-8.881784197001E-16,1.,-2.44044604925E-15));
#814 = ADVANCED_FACE('',(#815),#821,.T.);
#815 = FACE_BOUND('',#816,.T.);
#816 = EDGE_LOOP('',(#817,#818,#819,#820));
#817 = ORIENTED_EDGE('',*,*,#803,.T.);
#818 = ORIENTED_EDGE('',*,*,#252,.T.);
#819 = ORIENTED_EDGE('',*,*,#453,.F.);
#820 = ORIENTED_EDGE('',*,*,#77,.F.);
#821 = PLANE('',#822);
#822 = AXIS2_PLACEMENT_3D('',#823,#824,#825);
#823 = CARTESIAN_POINT('',(-5.08,-5.28,12.));
#824 = DIRECTION('',(-5.632390426961E-16,-0.859136486954,0.511746516142)
  );
#825 = DIRECTION('',(-2.552188430219E-15,0.511746516142,0.859136486954)
  );
#826 = ADVANCED_FACE('',(#827),#838,.T.);
#827 = FACE_BOUND('',#828,.T.);
#828 = EDGE_LOOP('',(#829,#830,#831,#832));
#829 = ORIENTED_EDGE('',*,*,#532,.T.);
#830 = ORIENTED_EDGE('',*,*,#506,.T.);
#831 = ORIENTED_EDGE('',*,*,#475,.F.);
#832 = ORIENTED_EDGE('',*,*,#833,.F.);
#833 = EDGE_CURVE('',#533,#476,#834,.T.);
#834 = LINE('',#835,#836);
#835 = CARTESIAN_POINT('',(-5.48,2.41,18.2));
#836 = VECTOR('',#837,1.);
#837 = DIRECTION('',(2.22044604925E-16,-1.,5.551115123126E-16));
#838 = PLANE('',#839);
#839 = AXIS2_PLACEMENT_3D('',#840,#841,#842);
#840 = CARTESIAN_POINT('',(-5.48,2.41,18.2));
#841 = DIRECTION('',(-1.,-8.628166150855E-32,-3.330669073875E-16));
#842 = DIRECTION('',(-2.465190328816E-32,-1.,3.330669073875E-16));
#843 = ADVANCED_FACE('',(#844),#850,.T.);
#844 = FACE_BOUND('',#845,.T.);
#845 = EDGE_LOOP('',(#846,#847,#848,#849));
#846 = ORIENTED_EDGE('',*,*,#401,.T.);
#847 = ORIENTED_EDGE('',*,*,#432,.T.);
#848 = ORIENTED_EDGE('',*,*,#347,.F.);
#849 = ORIENTED_EDGE('',*,*,#379,.F.);
#850 = PLANE('',#851);
#851 = AXIS2_PLACEMENT_3D('',#852,#853,#854);
#852 = CARTESIAN_POINT('',(4.855666833771,1.91,15.2));
#853 = DIRECTION('',(-1.110223024625E-15,-2.22044604925E-16,1.));
#854 = DIRECTION('',(1.,-8.881784197001E-16,-2.22044604925E-16));
#855 = ADVANCED_FACE('',(#856),#874,.T.);
#856 = FACE_BOUND('',#857,.T.);
#857 = EDGE_LOOP('',(#858,#859,#867,#873));
#858 = ORIENTED_EDGE('',*,*,#300,.T.);
#859 = ORIENTED_EDGE('',*,*,#860,.T.);
#860 = EDGE_CURVE('',#293,#861,#863,.T.);
#861 = VERTEX_POINT('',#862);
#862 = CARTESIAN_POINT('',(5.48,-2.89,12.));
#863 = LINE('',#864,#865);
#864 = CARTESIAN_POINT('',(5.08,-3.045,12.));
#865 = VECTOR('',#866,1.);
#866 = DIRECTION('',(0.932441465184,0.361321067759,-1.21638113092E-15));
#867 = ORIENTED_EDGE('',*,*,#868,.F.);
#868 = EDGE_CURVE('',#592,#861,#869,.T.);
#869 = LINE('',#870,#871);
#870 = CARTESIAN_POINT('',(5.48,-2.89,4.558575739111E-15));
#871 = VECTOR('',#872,1.);
#872 = DIRECTION('',(-1.998401444325E-15,-2.22044604925E-16,1.));
#873 = ORIENTED_EDGE('',*,*,#591,.F.);
#874 = PLANE('',#875);
#875 = AXIS2_PLACEMENT_3D('',#876,#877,#878);
#876 = CARTESIAN_POINT('',(5.08,-3.045,4.957145804951E-15));
#877 = DIRECTION('',(-0.361321067759,0.932441465184,-1.656348774019E-15)
  );
#878 = DIRECTION('',(0.932441465184,0.361321067759,-9.291081404264E-16)
  );
#879 = ADVANCED_FACE('',(#880),#898,.T.);
#880 = FACE_BOUND('',#881,.F.);
#881 = EDGE_LOOP('',(#882,#883,#891,#897));
#882 = ORIENTED_EDGE('',*,*,#860,.T.);
#883 = ORIENTED_EDGE('',*,*,#884,.T.);
#884 = EDGE_CURVE('',#861,#885,#887,.T.);
#885 = VERTEX_POINT('',#886);
#886 = CARTESIAN_POINT('',(5.48,-3.89,12.));
#887 = LINE('',#888,#889);
#888 = CARTESIAN_POINT('',(5.48,-2.89,12.));
#889 = VECTOR('',#890,1.);
#890 = DIRECTION('',(8.881784197001E-16,-1.,2.22044604925E-15));
#891 = ORIENTED_EDGE('',*,*,#892,.T.);
#892 = EDGE_CURVE('',#885,#285,#893,.T.);
#893 = LINE('',#894,#895);
#894 = CARTESIAN_POINT('',(5.48,-3.89,12.));
#895 = VECTOR('',#896,1.);
#896 = DIRECTION('',(-0.932441465184,0.361321067759,-3.882067439108E-16)
  );
#897 = ORIENTED_EDGE('',*,*,#292,.T.);
#898 = PLANE('',#899);
#899 = AXIS2_PLACEMENT_3D('',#900,#901,#902);
#900 = CARTESIAN_POINT('',(5.304333166229,-3.39,12.));
#901 = DIRECTION('',(-2.22044604925E-15,-4.440892098501E-16,1.));
#902 = DIRECTION('',(1.,-1.7763568394E-15,-4.440892098501E-16));
#903 = ADVANCED_FACE('',(#904),#915,.T.);
#904 = FACE_BOUND('',#905,.T.);
#905 = EDGE_LOOP('',(#906,#912,#913,#914));
#906 = ORIENTED_EDGE('',*,*,#907,.T.);
#907 = EDGE_CURVE('',#600,#885,#908,.T.);
#908 = LINE('',#909,#910);
#909 = CARTESIAN_POINT('',(5.48,-3.89,6.556977183436E-15));
#910 = VECTOR('',#911,1.);
#911 = DIRECTION('',(-1.998401444325E-15,-2.22044604925E-16,1.));
#912 = ORIENTED_EDGE('',*,*,#892,.T.);
#913 = ORIENTED_EDGE('',*,*,#284,.F.);
#914 = ORIENTED_EDGE('',*,*,#607,.F.);
#915 = PLANE('',#916);
#916 = AXIS2_PLACEMENT_3D('',#917,#918,#919);
#917 = CARTESIAN_POINT('',(5.48,-3.89,6.556977183436E-15));
#918 = DIRECTION('',(-0.361321067759,-0.932441465184,1.656348774019E-15)
  );
#919 = DIRECTION('',(-0.932441465184,0.361321067759,-5.150209469216E-16)
  );
#920 = ADVANCED_FACE('',(#921),#927,.F.);
#921 = FACE_BOUND('',#922,.F.);
#922 = EDGE_LOOP('',(#923,#924,#925,#926));
#923 = ORIENTED_EDGE('',*,*,#660,.T.);
#924 = ORIENTED_EDGE('',*,*,#676,.T.);
#925 = ORIENTED_EDGE('',*,*,#699,.F.);
#926 = ORIENTED_EDGE('',*,*,#629,.F.);
#927 = PLANE('',#928);
#928 = AXIS2_PLACEMENT_3D('',#929,#930,#931);
#929 = CARTESIAN_POINT('',(-4.68,-2.89,4.690692279041E-15));
#930 = DIRECTION('',(1.,-8.881784197001E-16,1.110223024625E-16));
#931 = DIRECTION('',(4.440892098501E-16,-1.,1.443289932013E-15));
#932 = ADVANCED_FACE('',(#933),#939,.T.);
#933 = FACE_BOUND('',#934,.T.);
#934 = EDGE_LOOP('',(#935,#936,#937,#938));
#935 = ORIENTED_EDGE('',*,*,#868,.T.);
#936 = ORIENTED_EDGE('',*,*,#884,.T.);
#937 = ORIENTED_EDGE('',*,*,#907,.F.);
#938 = ORIENTED_EDGE('',*,*,#599,.F.);
#939 = PLANE('',#940);
#940 = AXIS2_PLACEMENT_3D('',#941,#942,#943);
#941 = CARTESIAN_POINT('',(5.48,-2.89,4.558575739111E-15));
#942 = DIRECTION('',(1.,-1.33226762955E-15,1.035379938103E-30));
#943 = DIRECTION('',(6.661338147751E-16,-1.,1.998401444325E-15));
#944 = ADVANCED_FACE('',(#945),#970,.F.);
#945 = FACE_BOUND('',#946,.T.);
#946 = EDGE_LOOP('',(#947,#948,#956,#964));
#947 = ORIENTED_EDGE('',*,*,#727,.T.);
#948 = ORIENTED_EDGE('',*,*,#949,.T.);
#949 = EDGE_CURVE('',#730,#950,#952,.T.);
#950 = VERTEX_POINT('',#951);
#951 = CARTESIAN_POINT('',(0.71,-4.46,4.2));
#952 = LINE('',#953,#954);
#953 = CARTESIAN_POINT('',(0.71,-5.66,3.6));
#954 = VECTOR('',#955,1.);
#955 = DIRECTION('',(-1.187424590338E-15,0.894427191,0.4472135955));
#956 = ORIENTED_EDGE('',*,*,#957,.T.);
#957 = EDGE_CURVE('',#950,#958,#960,.T.);
#958 = VERTEX_POINT('',#959);
#959 = CARTESIAN_POINT('',(0.71,-4.46,8.45));
#960 = LINE('',#961,#962);
#961 = CARTESIAN_POINT('',(0.71,-4.46,4.2));
#962 = VECTOR('',#963,1.);
#963 = DIRECTION('',(-2.66044604925E-15,-8.840892098501E-16,1.));
#964 = ORIENTED_EDGE('',*,*,#965,.T.);
#965 = EDGE_CURVE('',#958,#728,#966,.T.);
#966 = LINE('',#967,#968);
#967 = CARTESIAN_POINT('',(0.71,-4.46,8.45));
#968 = VECTOR('',#969,1.);
#969 = DIRECTION('',(-1.821580299878E-18,-1.,2.66044604925E-15));
#970 = PLANE('',#971);
#971 = AXIS2_PLACEMENT_3D('',#972,#973,#974);
#972 = CARTESIAN_POINT('',(0.71,-5.090923476046,6.139589803375));
#973 = DIRECTION('',(-1.,2.6663568394E-15,4.089209850059E-18));
#974 = DIRECTION('',(2.66044604925E-15,8.840892098501E-16,-1.));
#975 = ADVANCED_FACE('',(#976),#994,.F.);
#976 = FACE_BOUND('',#977,.T.);
#977 = EDGE_LOOP('',(#978,#979,#987,#993));
#978 = ORIENTED_EDGE('',*,*,#753,.T.);
#979 = ORIENTED_EDGE('',*,*,#980,.T.);
#980 = EDGE_CURVE('',#746,#981,#983,.T.);
#981 = VERTEX_POINT('',#982);
#982 = CARTESIAN_POINT('',(4.37,-4.46,4.2));
#983 = LINE('',#984,#985);
#984 = CARTESIAN_POINT('',(4.37,-5.66,3.6));
#985 = VECTOR('',#986,1.);
#986 = DIRECTION('',(-1.187424590338E-15,0.894427191,0.4472135955));
#987 = ORIENTED_EDGE('',*,*,#988,.F.);
#988 = EDGE_CURVE('',#950,#981,#989,.T.);
#989 = LINE('',#990,#991);
#990 = CARTESIAN_POINT('',(0.71,-4.46,4.2));
#991 = VECTOR('',#992,1.);
#992 = DIRECTION('',(1.,-2.6663568394E-15,2.259107901499E-16));
#993 = ORIENTED_EDGE('',*,*,#949,.F.);
#994 = PLANE('',#995);
#995 = AXIS2_PLACEMENT_3D('',#996,#997,#998);
#996 = CARTESIAN_POINT('',(0.71,-5.66,3.6));
#997 = DIRECTION('',(2.578821858078E-15,0.4472135955,-0.894427191));
#998 = DIRECTION('',(9.97424590338E-16,-0.894427191,-0.4472135955));
#999 = ADVANCED_FACE('',(#1000),#1018,.T.);
#1000 = FACE_BOUND('',#1001,.F.);
#1001 = EDGE_LOOP('',(#1002,#1003,#1004,#1012));
#1002 = ORIENTED_EDGE('',*,*,#745,.T.);
#1003 = ORIENTED_EDGE('',*,*,#980,.T.);
#1004 = ORIENTED_EDGE('',*,*,#1005,.T.);
#1005 = EDGE_CURVE('',#981,#1006,#1008,.T.);
#1006 = VERTEX_POINT('',#1007);
#1007 = CARTESIAN_POINT('',(4.37,-4.46,8.45));
#1008 = LINE('',#1009,#1010);
#1009 = CARTESIAN_POINT('',(4.37,-4.46,4.2));
#1010 = VECTOR('',#1011,1.);
#1011 = DIRECTION('',(-2.66044604925E-15,-8.840892098501E-16,1.));
#1012 = ORIENTED_EDGE('',*,*,#1013,.T.);
#1013 = EDGE_CURVE('',#1006,#738,#1014,.T.);
#1014 = LINE('',#1015,#1016);
#1015 = CARTESIAN_POINT('',(4.37,-4.46,8.45));
#1016 = VECTOR('',#1017,1.);
#1017 = DIRECTION('',(-1.821580299878E-18,-1.,2.66044604925E-15));
#1018 = PLANE('',#1019);
#1019 = AXIS2_PLACEMENT_3D('',#1020,#1021,#1022);
#1020 = CARTESIAN_POINT('',(4.37,-5.090923476046,6.139589803375));
#1021 = DIRECTION('',(-1.,2.6663568394E-15,4.089209850059E-18));
#1022 = DIRECTION('',(2.66044604925E-15,8.840892098501E-16,-1.));
#1023 = ADVANCED_FACE('',(#1024),#1035,.F.);
#1024 = FACE_BOUND('',#1025,.T.);
#1025 = EDGE_LOOP('',(#1026,#1032,#1033,#1034));
#1026 = ORIENTED_EDGE('',*,*,#1027,.T.);
#1027 = EDGE_CURVE('',#958,#1006,#1028,.T.);
#1028 = LINE('',#1029,#1030);
#1029 = CARTESIAN_POINT('',(0.71,-4.46,8.45));
#1030 = VECTOR('',#1031,1.);
#1031 = DIRECTION('',(1.,-2.6663568394E-15,2.259107901499E-16));
#1032 = ORIENTED_EDGE('',*,*,#1013,.T.);
#1033 = ORIENTED_EDGE('',*,*,#737,.F.);
#1034 = ORIENTED_EDGE('',*,*,#965,.F.);
#1035 = PLANE('',#1036);
#1036 = AXIS2_PLACEMENT_3D('',#1037,#1038,#1039);
#1037 = CARTESIAN_POINT('',(0.71,-4.46,8.45));
#1038 = DIRECTION('',(-2.89044604925E-15,-4.440892098501E-16,1.));
#1039 = DIRECTION('',(2.218215802999E-16,1.,-2.22044604925E-15));
#1040 = ADVANCED_FACE('',(#1041),#1066,.F.);
#1041 = FACE_BOUND('',#1042,.F.);
#1042 = EDGE_LOOP('',(#1043,#1053,#1059,#1060));
#1043 = ORIENTED_EDGE('',*,*,#1044,.T.);
#1044 = EDGE_CURVE('',#1045,#1047,#1049,.T.);
#1045 = VERTEX_POINT('',#1046);
#1046 = CARTESIAN_POINT('',(-0.71,-4.46,8.45));
#1047 = VERTEX_POINT('',#1048);
#1048 = CARTESIAN_POINT('',(-4.37,-4.46,8.45));
#1049 = LINE('',#1050,#1051);
#1050 = CARTESIAN_POINT('',(-0.71,-4.46,8.45));
#1051 = VECTOR('',#1052,1.);
#1052 = DIRECTION('',(-1.,1.9963568394E-15,4.440892098501E-16));
#1053 = ORIENTED_EDGE('',*,*,#1054,.T.);
#1054 = EDGE_CURVE('',#1047,#764,#1055,.T.);
#1055 = LINE('',#1056,#1057);
#1056 = CARTESIAN_POINT('',(-4.37,-4.46,8.45));
#1057 = VECTOR('',#1058,1.);
#1058 = DIRECTION('',(8.881784197001E-16,-1.,2.22044604925E-15));
#1059 = ORIENTED_EDGE('',*,*,#761,.F.);
#1060 = ORIENTED_EDGE('',*,*,#1061,.F.);
#1061 = EDGE_CURVE('',#1045,#762,#1062,.T.);
#1062 = LINE('',#1063,#1064);
#1063 = CARTESIAN_POINT('',(-0.71,-4.46,8.45));
#1064 = VECTOR('',#1065,1.);
#1065 = DIRECTION('',(8.881784197001E-16,-1.,2.22044604925E-15));
#1066 = PLANE('',#1067);
#1067 = AXIS2_PLACEMENT_3D('',#1068,#1069,#1070);
#1068 = CARTESIAN_POINT('',(-0.71,-4.46,8.45));
#1069 = DIRECTION('',(-2.22044604925E-15,-2.240892098501E-16,1.));
#1070 = DIRECTION('',(8.881784197001E-16,-1.,2.44044604925E-15));
#1071 = ADVANCED_FACE('',(#1072),#1090,.F.);
#1072 = FACE_BOUND('',#1073,.F.);
#1073 = EDGE_LOOP('',(#1074,#1075,#1083,#1089));
#1074 = ORIENTED_EDGE('',*,*,#771,.T.);
#1075 = ORIENTED_EDGE('',*,*,#1076,.T.);
#1076 = EDGE_CURVE('',#772,#1077,#1079,.T.);
#1077 = VERTEX_POINT('',#1078);
#1078 = CARTESIAN_POINT('',(-0.71,-4.46,4.2));
#1079 = LINE('',#1080,#1081);
#1080 = CARTESIAN_POINT('',(-0.71,-5.66,3.6));
#1081 = VECTOR('',#1082,1.);
#1082 = DIRECTION('',(-1.787424590338E-15,0.894427191,0.4472135955));
#1083 = ORIENTED_EDGE('',*,*,#1084,.T.);
#1084 = EDGE_CURVE('',#1077,#1045,#1085,.T.);
#1085 = LINE('',#1086,#1087);
#1086 = CARTESIAN_POINT('',(-0.71,-4.46,4.2));
#1087 = VECTOR('',#1088,1.);
#1088 = DIRECTION('',(-2.22044604925E-15,-4.440892098501E-16,1.));
#1089 = ORIENTED_EDGE('',*,*,#1061,.T.);
#1090 = PLANE('',#1091);
#1091 = AXIS2_PLACEMENT_3D('',#1092,#1093,#1094);
#1092 = CARTESIAN_POINT('',(-0.71,-5.090923476046,6.139589803375));
#1093 = DIRECTION('',(1.,-1.7763568394E-15,-4.440892098501E-16));
#1094 = DIRECTION('',(-2.22044604925E-15,-4.440892098501E-16,1.));
#1095 = ADVANCED_FACE('',(#1096),#1114,.T.);
#1096 = FACE_BOUND('',#1097,.T.);
#1097 = EDGE_LOOP('',(#1098,#1099,#1107,#1113));
#1098 = ORIENTED_EDGE('',*,*,#787,.T.);
#1099 = ORIENTED_EDGE('',*,*,#1100,.T.);
#1100 = EDGE_CURVE('',#780,#1101,#1103,.T.);
#1101 = VERTEX_POINT('',#1102);
#1102 = CARTESIAN_POINT('',(-4.37,-4.46,4.2));
#1103 = LINE('',#1104,#1105);
#1104 = CARTESIAN_POINT('',(-4.37,-5.66,3.6));
#1105 = VECTOR('',#1106,1.);
#1106 = DIRECTION('',(-1.787424590338E-15,0.894427191,0.4472135955));
#1107 = ORIENTED_EDGE('',*,*,#1108,.T.);
#1108 = EDGE_CURVE('',#1101,#1047,#1109,.T.);
#1109 = LINE('',#1110,#1111);
#1110 = CARTESIAN_POINT('',(-4.37,-4.46,4.2));
#1111 = VECTOR('',#1112,1.);
#1112 = DIRECTION('',(-2.22044604925E-15,-4.440892098501E-16,1.));
#1113 = ORIENTED_EDGE('',*,*,#1054,.T.);
#1114 = PLANE('',#1115);
#1115 = AXIS2_PLACEMENT_3D('',#1116,#1117,#1118);
#1116 = CARTESIAN_POINT('',(-4.37,-5.090923476046,6.139589803375));
#1117 = DIRECTION('',(1.,-1.7763568394E-15,-4.440892098501E-16));
#1118 = DIRECTION('',(-2.22044604925E-15,-4.440892098501E-16,1.));
#1119 = ADVANCED_FACE('',(#1120),#1131,.F.);
#1120 = FACE_BOUND('',#1121,.F.);
#1121 = EDGE_LOOP('',(#1122,#1123,#1124,#1130));
#1122 = ORIENTED_EDGE('',*,*,#779,.T.);
#1123 = ORIENTED_EDGE('',*,*,#1100,.T.);
#1124 = ORIENTED_EDGE('',*,*,#1125,.F.);
#1125 = EDGE_CURVE('',#1077,#1101,#1126,.T.);
#1126 = LINE('',#1127,#1128);
#1127 = CARTESIAN_POINT('',(-0.71,-4.46,4.2));
#1128 = VECTOR('',#1129,1.);
#1129 = DIRECTION('',(-1.,1.9963568394E-15,4.440892098501E-16));
#1130 = ORIENTED_EDGE('',*,*,#1076,.F.);
#1131 = PLANE('',#1132);
#1132 = AXIS2_PLACEMENT_3D('',#1133,#1134,#1135);
#1133 = CARTESIAN_POINT('',(-0.71,-5.66,3.6));
#1134 = DIRECTION('',(1.688821858078E-15,0.4472135955,-0.894427191));
#1135 = DIRECTION('',(-1.887424590338E-15,0.894427191,0.4472135955));
#1136 = ADVANCED_FACE('',(#1137),#1143,.F.);
#1137 = FACE_BOUND('',#1138,.T.);
#1138 = EDGE_LOOP('',(#1139,#1140,#1141,#1142));
#1139 = ORIENTED_EDGE('',*,*,#988,.T.);
#1140 = ORIENTED_EDGE('',*,*,#1005,.T.);
#1141 = ORIENTED_EDGE('',*,*,#1027,.F.);
#1142 = ORIENTED_EDGE('',*,*,#957,.F.);
#1143 = PLANE('',#1144);
#1144 = AXIS2_PLACEMENT_3D('',#1145,#1146,#1147);
#1145 = CARTESIAN_POINT('',(0.71,-4.46,4.2));
#1146 = DIRECTION('',(1.821580299878E-18,1.,-2.44044604925E-15));
#1147 = DIRECTION('',(2.66044604925E-15,2.240892098501E-16,-1.));
#1148 = ADVANCED_FACE('',(#1149),#1155,.F.);
#1149 = FACE_BOUND('',#1150,.F.);
#1150 = EDGE_LOOP('',(#1151,#1152,#1153,#1154));
#1151 = ORIENTED_EDGE('',*,*,#1125,.T.);
#1152 = ORIENTED_EDGE('',*,*,#1108,.T.);
#1153 = ORIENTED_EDGE('',*,*,#1044,.F.);
#1154 = ORIENTED_EDGE('',*,*,#1084,.F.);
#1155 = PLANE('',#1156);
#1156 = AXIS2_PLACEMENT_3D('',#1157,#1158,#1159);
#1157 = CARTESIAN_POINT('',(-0.71,-4.46,4.2));
#1158 = DIRECTION('',(-6.681784197001E-16,1.,-2.22044604925E-15));
#1159 = DIRECTION('',(-2.44044604925E-15,-4.440892098501E-16,1.));
#1160 = ADVANCED_FACE('',(#1161,#1175,#1186),#1197,.T.);
#1161 = FACE_BOUND('',#1162,.T.);
#1162 = EDGE_LOOP('',(#1163,#1164,#1165,#1166,#1167,#1168,#1169,#1170,
    #1171,#1172,#1173,#1174));
#1163 = ORIENTED_EDGE('',*,*,#59,.F.);
#1164 = ORIENTED_EDGE('',*,*,#460,.T.);
#1165 = ORIENTED_EDGE('',*,*,#234,.T.);
#1166 = ORIENTED_EDGE('',*,*,#439,.F.);
#1167 = ORIENTED_EDGE('',*,*,#417,.F.);
#1168 = ORIENTED_EDGE('',*,*,#386,.T.);
#1169 = ORIENTED_EDGE('',*,*,#331,.T.);
#1170 = ORIENTED_EDGE('',*,*,#203,.F.);
#1171 = ORIENTED_EDGE('',*,*,#165,.F.);
#1172 = ORIENTED_EDGE('',*,*,#540,.T.);
#1173 = ORIENTED_EDGE('',*,*,#833,.T.);
#1174 = ORIENTED_EDGE('',*,*,#492,.T.);
#1175 = FACE_BOUND('',#1176,.T.);
#1176 = EDGE_LOOP('',(#1177));
#1177 = ORIENTED_EDGE('',*,*,#1178,.F.);
#1178 = EDGE_CURVE('',#1179,#1179,#1181,.T.);
#1179 = VERTEX_POINT('',#1180);
#1180 = CARTESIAN_POINT('',(4.55,0.12,18.2));
#1181 = CIRCLE('',#1182,2.01);
#1182 = AXIS2_PLACEMENT_3D('',#1183,#1184,#1185);
#1183 = CARTESIAN_POINT('',(2.54,0.12,18.2));
#1184 = DIRECTION('',(4.440892098501E-16,2.22044604925E-15,1.));
#1185 = DIRECTION('',(1.,-1.7763568394E-15,-4.440892098501E-16));
#1186 = FACE_BOUND('',#1187,.T.);
#1187 = EDGE_LOOP('',(#1188));
#1188 = ORIENTED_EDGE('',*,*,#1189,.F.);
#1189 = EDGE_CURVE('',#1190,#1190,#1192,.T.);
#1190 = VERTEX_POINT('',#1191);
#1191 = CARTESIAN_POINT('',(-0.53,0.12,18.2));
#1192 = CIRCLE('',#1193,2.01);
#1193 = AXIS2_PLACEMENT_3D('',#1194,#1195,#1196);
#1194 = CARTESIAN_POINT('',(-2.54,0.12,18.2));
#1195 = DIRECTION('',(4.440892098501E-16,2.22044604925E-15,1.));
#1196 = DIRECTION('',(1.,-1.7763568394E-15,-4.440892098501E-16));
#1197 = PLANE('',#1198);
#1198 = AXIS2_PLACEMENT_3D('',#1199,#1200,#1201);
#1199 = CARTESIAN_POINT('',(-3.289180385496E-02,0.580773416046,18.2));
#1200 = DIRECTION('',(-1.110223024625E-16,1.568905214586E-15,1.));
#1201 = DIRECTION('',(1.618575176248E-31,1.,-1.568905214586E-15));
#1202 = ADVANCED_FACE('',(#1203),#1222,.F.);
#1203 = FACE_BOUND('',#1204,.F.);
#1204 = EDGE_LOOP('',(#1205,#1213,#1220,#1221));
#1205 = ORIENTED_EDGE('',*,*,#1206,.T.);
#1206 = EDGE_CURVE('',#1179,#1207,#1209,.T.);
#1207 = VERTEX_POINT('',#1208);
#1208 = CARTESIAN_POINT('',(4.55,0.12,15.75));
#1209 = LINE('',#1210,#1211);
#1210 = CARTESIAN_POINT('',(4.55,0.12,18.2));
#1211 = VECTOR('',#1212,1.);
#1212 = DIRECTION('',(2.44044604925E-15,4.440892098501E-16,-1.));
#1213 = ORIENTED_EDGE('',*,*,#1214,.T.);
#1214 = EDGE_CURVE('',#1207,#1207,#1215,.T.);
#1215 = CIRCLE('',#1216,2.01);
#1216 = AXIS2_PLACEMENT_3D('',#1217,#1218,#1219);
#1217 = CARTESIAN_POINT('',(2.54,0.12,15.75));
#1218 = DIRECTION('',(4.440892098501E-16,2.22044604925E-15,1.));
#1219 = DIRECTION('',(1.,-1.7763568394E-15,-4.440892098501E-16));
#1220 = ORIENTED_EDGE('',*,*,#1206,.F.);
#1221 = ORIENTED_EDGE('',*,*,#1178,.F.);
#1222 = CYLINDRICAL_SURFACE('',#1223,2.01);
#1223 = AXIS2_PLACEMENT_3D('',#1224,#1225,#1226);
#1224 = CARTESIAN_POINT('',(2.54,0.12,18.2));
#1225 = DIRECTION('',(-2.22044604925E-15,-2.240892098501E-16,1.));
#1226 = DIRECTION('',(1.,-1.9963568394E-15,-4.440892098501E-16));
#1227 = ADVANCED_FACE('',(#1228),#1231,.T.);
#1228 = FACE_BOUND('',#1229,.T.);
#1229 = EDGE_LOOP('',(#1230));
#1230 = ORIENTED_EDGE('',*,*,#1214,.T.);
#1231 = PLANE('',#1232);
#1232 = AXIS2_PLACEMENT_3D('',#1233,#1234,#1235);
#1233 = CARTESIAN_POINT('',(-3.642464381432E-14,0.12,15.75));
#1234 = DIRECTION('',(-2.22044604925E-15,-4.440892098501E-16,1.));
#1235 = DIRECTION('',(1.,-1.7763568394E-15,-4.440892098501E-16));
#1236 = ADVANCED_FACE('',(#1237),#1256,.F.);
#1237 = FACE_BOUND('',#1238,.F.);
#1238 = EDGE_LOOP('',(#1239,#1247,#1254,#1255));
#1239 = ORIENTED_EDGE('',*,*,#1240,.T.);
#1240 = EDGE_CURVE('',#1190,#1241,#1243,.T.);
#1241 = VERTEX_POINT('',#1242);
#1242 = CARTESIAN_POINT('',(-0.53,0.12,15.75));
#1243 = LINE('',#1244,#1245);
#1244 = CARTESIAN_POINT('',(-0.53,0.12,18.2));
#1245 = VECTOR('',#1246,1.);
#1246 = DIRECTION('',(2.44044604925E-15,4.440892098501E-16,-1.));
#1247 = ORIENTED_EDGE('',*,*,#1248,.T.);
#1248 = EDGE_CURVE('',#1241,#1241,#1249,.T.);
#1249 = CIRCLE('',#1250,2.01);
#1250 = AXIS2_PLACEMENT_3D('',#1251,#1252,#1253);
#1251 = CARTESIAN_POINT('',(-2.54,0.12,15.75));
#1252 = DIRECTION('',(4.440892098501E-16,2.22044604925E-15,1.));
#1253 = DIRECTION('',(1.,-1.7763568394E-15,-4.440892098501E-16));
#1254 = ORIENTED_EDGE('',*,*,#1240,.F.);
#1255 = ORIENTED_EDGE('',*,*,#1189,.F.);
#1256 = CYLINDRICAL_SURFACE('',#1257,2.01);
#1257 = AXIS2_PLACEMENT_3D('',#1258,#1259,#1260);
#1258 = CARTESIAN_POINT('',(-2.54,0.12,18.2));
#1259 = DIRECTION('',(-2.22044604925E-15,-2.240892098501E-16,1.));
#1260 = DIRECTION('',(1.,-1.9963568394E-15,-4.440892098501E-16));
#1261 = ADVANCED_FACE('',(#1262),#1265,.T.);
#1262 = FACE_BOUND('',#1263,.T.);
#1263 = EDGE_LOOP('',(#1264));
#1264 = ORIENTED_EDGE('',*,*,#1248,.T.);
#1265 = PLANE('',#1266);
#1266 = AXIS2_PLACEMENT_3D('',#1267,#1268,#1269);
#1267 = CARTESIAN_POINT('',(-3.642464381432E-14,0.12,15.75));
#1268 = DIRECTION('',(-2.22044604925E-15,-4.440892098501E-16,1.));
#1269 = DIRECTION('',(1.,-1.7763568394E-15,-4.440892098501E-16));
#1270 = ( GEOMETRIC_REPRESENTATION_CONTEXT(3) 
GLOBAL_UNCERTAINTY_ASSIGNED_CONTEXT((#1274)) 
GLOBAL_UNIT_ASSIGNED_CONTEXT((#1271,#1272,#1273)) REPRESENTATION_CONTEXT
('Context #1','3D Context with UNIT and UNCERTAINTY') );
#1271 = ( LENGTH_UNIT() NAMED_UNIT(*) SI_UNIT(.MILLI.,.METRE.) );
#1272 = ( NAMED_UNIT(*) PLANE_ANGLE_UNIT() SI_UNIT($,.RADIAN.) );
#1273 = ( NAMED_UNIT(*) SI_UNIT($,.STERADIAN.) SOLID_ANGLE_UNIT() );
#1274 = UNCERTAINTY_MEASURE_WITH_UNIT(LENGTH_MEASURE(1.E-07),#1271,
  'distance_accuracy_value','confusion accuracy');
#1275 = CONTEXT_DEPENDENT_SHAPE_REPRESENTATION(#1276,#1278);
#1276 = ( REPRESENTATION_RELATIONSHIP('','',#52,#10) 
REPRESENTATION_RELATIONSHIP_WITH_TRANSFORMATION(#1277) 
SHAPE_REPRESENTATION_RELATIONSHIP() );
#1277 = ITEM_DEFINED_TRANSFORMATION('','',#11,#15);
#1278 = PRODUCT_DEFINITION_SHAPE('Placement','Placement of an item',
  #1279);
#1279 = NEXT_ASSEMBLY_USAGE_OCCURRENCE('1','Body','',#5,#47,$);
#1280 = PRODUCT_RELATED_PRODUCT_CATEGORY('part',$,(#49));
#1281 = SHAPE_DEFINITION_REPRESENTATION(#1282,#1288);
#1282 = PRODUCT_DEFINITION_SHAPE('','',#1283);
#1283 = PRODUCT_DEFINITION('design','',#1284,#1287);
#1284 = PRODUCT_DEFINITION_FORMATION('','',#1285);
#1285 = PRODUCT('Inside','Inside','',(#1286));
#1286 = PRODUCT_CONTEXT('',#2,'mechanical');
#1287 = PRODUCT_DEFINITION_CONTEXT('part definition',#2,'design');
#1288 = ADVANCED_BREP_SHAPE_REPRESENTATION('',(#11,#1289),#1439);
#1289 = MANIFOLD_SOLID_BREP('',#1290);
#1290 = CLOSED_SHELL('',(#1291,#1331,#1362,#1393,#1415,#1427));
#1291 = ADVANCED_FACE('',(#1292),#1326,.F.);
#1292 = FACE_BOUND('',#1293,.F.);
#1293 = EDGE_LOOP('',(#1294,#1304,#1312,#1320));
#1294 = ORIENTED_EDGE('',*,*,#1295,.T.);
#1295 = EDGE_CURVE('',#1296,#1298,#1300,.T.);
#1296 = VERTEX_POINT('',#1297);
#1297 = CARTESIAN_POINT('',(-4.37,-5.06,8.45));
#1298 = VERTEX_POINT('',#1299);
#1299 = CARTESIAN_POINT('',(4.37,-5.06,8.45));
#1300 = LINE('',#1301,#1302);
#1301 = CARTESIAN_POINT('',(-4.37,-5.06,8.45));
#1302 = VECTOR('',#1303,1.);
#1303 = DIRECTION('',(1.,-2.22044604925E-16,1.110223024625E-16));
#1304 = ORIENTED_EDGE('',*,*,#1305,.T.);
#1305 = EDGE_CURVE('',#1298,#1306,#1308,.T.);
#1306 = VERTEX_POINT('',#1307);
#1307 = CARTESIAN_POINT('',(4.37,-5.06,3.9));
#1308 = LINE('',#1309,#1310);
#1309 = CARTESIAN_POINT('',(4.37,-5.06,8.45));
#1310 = VECTOR('',#1311,1.);
#1311 = DIRECTION('',(5.551115123126E-16,1.110223024625E-16,-1.));
#1312 = ORIENTED_EDGE('',*,*,#1313,.F.);
#1313 = EDGE_CURVE('',#1314,#1306,#1316,.T.);
#1314 = VERTEX_POINT('',#1315);
#1315 = CARTESIAN_POINT('',(-4.37,-5.06,3.9));
#1316 = LINE('',#1317,#1318);
#1317 = CARTESIAN_POINT('',(-4.37,-5.06,3.9));
#1318 = VECTOR('',#1319,1.);
#1319 = DIRECTION('',(1.,-2.22044604925E-16,1.110223024625E-16));
#1320 = ORIENTED_EDGE('',*,*,#1321,.F.);
#1321 = EDGE_CURVE('',#1296,#1314,#1322,.T.);
#1322 = LINE('',#1323,#1324);
#1323 = CARTESIAN_POINT('',(-4.37,-5.06,8.45));
#1324 = VECTOR('',#1325,1.);
#1325 = DIRECTION('',(5.551115123126E-16,1.110223024625E-16,-1.));
#1326 = PLANE('',#1327);
#1327 = AXIS2_PLACEMENT_3D('',#1328,#1329,#1330);
#1328 = CARTESIAN_POINT('',(-4.37,-5.06,8.45));
#1329 = DIRECTION('',(2.22044604925E-16,1.,-1.110223024625E-16));
#1330 = DIRECTION('',(3.330669073875E-16,-1.110223024625E-16,-1.));
#1331 = ADVANCED_FACE('',(#1332),#1357,.F.);
#1332 = FACE_BOUND('',#1333,.F.);
#1333 = EDGE_LOOP('',(#1334,#1335,#1343,#1351));
#1334 = ORIENTED_EDGE('',*,*,#1313,.T.);
#1335 = ORIENTED_EDGE('',*,*,#1336,.T.);
#1336 = EDGE_CURVE('',#1306,#1337,#1339,.T.);
#1337 = VERTEX_POINT('',#1338);
#1338 = CARTESIAN_POINT('',(4.37,-4.46,3.9));
#1339 = LINE('',#1340,#1341);
#1340 = CARTESIAN_POINT('',(4.37,-5.06,3.9));
#1341 = VECTOR('',#1342,1.);
#1342 = DIRECTION('',(-2.22044604925E-16,1.,-5.551115123126E-16));
#1343 = ORIENTED_EDGE('',*,*,#1344,.F.);
#1344 = EDGE_CURVE('',#1345,#1337,#1347,.T.);
#1345 = VERTEX_POINT('',#1346);
#1346 = CARTESIAN_POINT('',(-4.37,-4.46,3.9));
#1347 = LINE('',#1348,#1349);
#1348 = CARTESIAN_POINT('',(-4.37,-4.46,3.9));
#1349 = VECTOR('',#1350,1.);
#1350 = DIRECTION('',(1.,-2.22044604925E-16,1.110223024625E-16));
#1351 = ORIENTED_EDGE('',*,*,#1352,.F.);
#1352 = EDGE_CURVE('',#1314,#1345,#1353,.T.);
#1353 = LINE('',#1354,#1355);
#1354 = CARTESIAN_POINT('',(-4.37,-5.06,3.9));
#1355 = VECTOR('',#1356,1.);
#1356 = DIRECTION('',(-2.22044604925E-16,1.,-5.551115123126E-16));
#1357 = PLANE('',#1358);
#1358 = AXIS2_PLACEMENT_3D('',#1359,#1360,#1361);
#1359 = CARTESIAN_POINT('',(-4.37,-5.06,3.9));
#1360 = DIRECTION('',(-1.110223024625E-16,3.330669073875E-16,1.));
#1361 = DIRECTION('',(2.465190328816E-32,1.,-3.330669073875E-16));
#1362 = ADVANCED_FACE('',(#1363),#1388,.F.);
#1363 = FACE_BOUND('',#1364,.F.);
#1364 = EDGE_LOOP('',(#1365,#1366,#1374,#1382));
#1365 = ORIENTED_EDGE('',*,*,#1344,.T.);
#1366 = ORIENTED_EDGE('',*,*,#1367,.T.);
#1367 = EDGE_CURVE('',#1337,#1368,#1370,.T.);
#1368 = VERTEX_POINT('',#1369);
#1369 = CARTESIAN_POINT('',(4.37,-4.46,8.45));
#1370 = LINE('',#1371,#1372);
#1371 = CARTESIAN_POINT('',(4.37,-4.46,3.9));
#1372 = VECTOR('',#1373,1.);
#1373 = DIRECTION('',(-5.551115123126E-16,-1.110223024625E-16,1.));
#1374 = ORIENTED_EDGE('',*,*,#1375,.F.);
#1375 = EDGE_CURVE('',#1376,#1368,#1378,.T.);
#1376 = VERTEX_POINT('',#1377);
#1377 = CARTESIAN_POINT('',(-4.37,-4.46,8.45));
#1378 = LINE('',#1379,#1380);
#1379 = CARTESIAN_POINT('',(-4.37,-4.46,8.45));
#1380 = VECTOR('',#1381,1.);
#1381 = DIRECTION('',(1.,-2.22044604925E-16,1.110223024625E-16));
#1382 = ORIENTED_EDGE('',*,*,#1383,.F.);
#1383 = EDGE_CURVE('',#1345,#1376,#1384,.T.);
#1384 = LINE('',#1385,#1386);
#1385 = CARTESIAN_POINT('',(-4.37,-4.46,3.9));
#1386 = VECTOR('',#1387,1.);
#1387 = DIRECTION('',(-5.551115123126E-16,-1.110223024625E-16,1.));
#1388 = PLANE('',#1389);
#1389 = AXIS2_PLACEMENT_3D('',#1390,#1391,#1392);
#1390 = CARTESIAN_POINT('',(-4.37,-4.46,3.9));
#1391 = DIRECTION('',(-2.22044604925E-16,-1.,1.110223024625E-16));
#1392 = DIRECTION('',(-3.330669073875E-16,1.110223024625E-16,1.));
#1393 = ADVANCED_FACE('',(#1394),#1410,.F.);
#1394 = FACE_BOUND('',#1395,.F.);
#1395 = EDGE_LOOP('',(#1396,#1397,#1403,#1404));
#1396 = ORIENTED_EDGE('',*,*,#1375,.T.);
#1397 = ORIENTED_EDGE('',*,*,#1398,.T.);
#1398 = EDGE_CURVE('',#1368,#1298,#1399,.T.);
#1399 = LINE('',#1400,#1401);
#1400 = CARTESIAN_POINT('',(4.37,-4.46,8.45));
#1401 = VECTOR('',#1402,1.);
#1402 = DIRECTION('',(2.22044604925E-16,-1.,5.551115123126E-16));
#1403 = ORIENTED_EDGE('',*,*,#1295,.F.);
#1404 = ORIENTED_EDGE('',*,*,#1405,.F.);
#1405 = EDGE_CURVE('',#1376,#1296,#1406,.T.);
#1406 = LINE('',#1407,#1408);
#1407 = CARTESIAN_POINT('',(-4.37,-4.46,8.45));
#1408 = VECTOR('',#1409,1.);
#1409 = DIRECTION('',(2.22044604925E-16,-1.,5.551115123126E-16));
#1410 = PLANE('',#1411);
#1411 = AXIS2_PLACEMENT_3D('',#1412,#1413,#1414);
#1412 = CARTESIAN_POINT('',(-4.37,-4.46,8.45));
#1413 = DIRECTION('',(1.110223024625E-16,-3.330669073875E-16,-1.));
#1414 = DIRECTION('',(-2.465190328816E-32,-1.,3.330669073875E-16));
#1415 = ADVANCED_FACE('',(#1416),#1422,.F.);
#1416 = FACE_BOUND('',#1417,.F.);
#1417 = EDGE_LOOP('',(#1418,#1419,#1420,#1421));
#1418 = ORIENTED_EDGE('',*,*,#1321,.T.);
#1419 = ORIENTED_EDGE('',*,*,#1352,.T.);
#1420 = ORIENTED_EDGE('',*,*,#1383,.T.);
#1421 = ORIENTED_EDGE('',*,*,#1405,.T.);
#1422 = PLANE('',#1423);
#1423 = AXIS2_PLACEMENT_3D('',#1424,#1425,#1426);
#1424 = CARTESIAN_POINT('',(-4.37,-4.76,6.175));
#1425 = DIRECTION('',(1.,-4.440892098501E-16,-1.110223024625E-16));
#1426 = DIRECTION('',(-5.551115123126E-16,-1.110223024625E-16,1.));
#1427 = ADVANCED_FACE('',(#1428),#1434,.T.);
#1428 = FACE_BOUND('',#1429,.T.);
#1429 = EDGE_LOOP('',(#1430,#1431,#1432,#1433));
#1430 = ORIENTED_EDGE('',*,*,#1305,.T.);
#1431 = ORIENTED_EDGE('',*,*,#1336,.T.);
#1432 = ORIENTED_EDGE('',*,*,#1367,.T.);
#1433 = ORIENTED_EDGE('',*,*,#1398,.T.);
#1434 = PLANE('',#1435);
#1435 = AXIS2_PLACEMENT_3D('',#1436,#1437,#1438);
#1436 = CARTESIAN_POINT('',(4.37,-4.76,6.175));
#1437 = DIRECTION('',(1.,-4.440892098501E-16,-1.110223024625E-16));
#1438 = DIRECTION('',(-5.551115123126E-16,-1.110223024625E-16,1.));
#1439 = ( GEOMETRIC_REPRESENTATION_CONTEXT(3) 
GLOBAL_UNCERTAINTY_ASSIGNED_CONTEXT((#1443)) 
GLOBAL_UNIT_ASSIGNED_CONTEXT((#1440,#1441,#1442)) REPRESENTATION_CONTEXT
('Context #1','3D Context with UNIT and UNCERTAINTY') );
#1440 = ( LENGTH_UNIT() NAMED_UNIT(*) SI_UNIT(.MILLI.,.METRE.) );
#1441 = ( NAMED_UNIT(*) PLANE_ANGLE_UNIT() SI_UNIT($,.RADIAN.) );
#1442 = ( NAMED_UNIT(*) SI_UNIT($,.STERADIAN.) SOLID_ANGLE_UNIT() );
#1443 = UNCERTAINTY_MEASURE_WITH_UNIT(LENGTH_MEASURE(1.E-07),#1440,
  'distance_accuracy_value','confusion accuracy');
#1444 = CONTEXT_DEPENDENT_SHAPE_REPRESENTATION(#1445,#1447);
#1445 = ( REPRESENTATION_RELATIONSHIP('','',#1288,#10) 
REPRESENTATION_RELATIONSHIP_WITH_TRANSFORMATION(#1446) 
SHAPE_REPRESENTATION_RELATIONSHIP() );
#1446 = ITEM_DEFINED_TRANSFORMATION('','',#11,#19);
#1447 = PRODUCT_DEFINITION_SHAPE('Placement','Placement of an item',
  #1448);
#1448 = NEXT_ASSEMBLY_USAGE_OCCURRENCE('2','Inside','',#5,#1283,$);
#1449 = PRODUCT_RELATED_PRODUCT_CATEGORY('part',$,(#1285));
#1450 = SHAPE_DEFINITION_REPRESENTATION(#1451,#1457);
#1451 = PRODUCT_DEFINITION_SHAPE('','',#1452);
#1452 = PRODUCT_DEFINITION('design','',#1453,#1456);
#1453 = PRODUCT_DEFINITION_FORMATION('','',#1454);
#1454 = PRODUCT('Screw','Screw','',(#1455));
#1455 = PRODUCT_CONTEXT('',#2,'mechanical');
#1456 = PRODUCT_DEFINITION_CONTEXT('part definition',#2,'design');
#1457 = ADVANCED_BREP_SHAPE_REPRESENTATION('',(#11,#1458),#1746);
#1458 = MANIFOLD_SOLID_BREP('',#1459);
#1459 = CLOSED_SHELL('',(#1460,#1564,#1573,#1596,#1643,#1661,#1708,#1726
    ,#1736));
#1460 = ADVANCED_FACE('',(#1461),#1559,.T.);
#1461 = FACE_BOUND('',#1462,.T.);
#1462 = EDGE_LOOP('',(#1463,#1472,#1479,#1488,#1497,#1506,#1515,#1524,
    #1533,#1542,#1551,#1558));
#1463 = ORIENTED_EDGE('',*,*,#1464,.T.);
#1464 = EDGE_CURVE('',#1465,#1465,#1467,.T.);
#1465 = VERTEX_POINT('',#1466);
#1466 = CARTESIAN_POINT('',(1.96,0.,0.));
#1467 = CIRCLE('',#1468,1.96);
#1468 = AXIS2_PLACEMENT_3D('',#1469,#1470,#1471);
#1469 = CARTESIAN_POINT('',(0.,0.,0.));
#1470 = DIRECTION('',(0.,0.,1.));
#1471 = DIRECTION('',(1.,0.,0.));
#1472 = ORIENTED_EDGE('',*,*,#1473,.T.);
#1473 = EDGE_CURVE('',#1465,#1474,#1476,.T.);
#1474 = VERTEX_POINT('',#1475);
#1475 = CARTESIAN_POINT('',(1.904171165465,0.,0.7));
#1476 = B_SPLINE_CURVE_WITH_KNOTS('',1,(#1477,#1478),.UNSPECIFIED.,.F.,
  .F.,(2,2),(0.,1.),.PIECEWISE_BEZIER_KNOTS.);
#1477 = CARTESIAN_POINT('',(1.96,0.,0.));
#1478 = CARTESIAN_POINT('',(1.828403461453,0.,1.65));
#1479 = ORIENTED_EDGE('',*,*,#1480,.F.);
#1480 = EDGE_CURVE('',#1481,#1474,#1483,.T.);
#1481 = VERTEX_POINT('',#1482);
#1482 = CARTESIAN_POINT('',(1.861684137384,-0.4,0.7));
#1483 = CIRCLE('',#1484,1.904171165465);
#1484 = AXIS2_PLACEMENT_3D('',#1485,#1486,#1487);
#1485 = CARTESIAN_POINT('',(0.,0.,0.7));
#1486 = DIRECTION('',(0.,0.,1.));
#1487 = DIRECTION('',(1.,0.,0.));
#1488 = ORIENTED_EDGE('',*,*,#1489,.F.);
#1489 = EDGE_CURVE('',#1490,#1481,#1492,.T.);
#1490 = VERTEX_POINT('',#1491);
#1491 = CARTESIAN_POINT('',(1.806677414828,-0.4,1.373850906572));
#1492 = HYPERBOLA('',#1493,5.015329485775,0.4);
#1493 = AXIS2_PLACEMENT_3D('',#1494,#1495,#1496);
#1494 = CARTESIAN_POINT('',(0.,-0.4,24.575114480296));
#1495 = DIRECTION('',(0.,-1.,0.));
#1496 = DIRECTION('',(-0.,-0.,-1.));
#1497 = ORIENTED_EDGE('',*,*,#1498,.F.);
#1498 = EDGE_CURVE('',#1499,#1490,#1501,.T.);
#1499 = VERTEX_POINT('',#1500);
#1500 = CARTESIAN_POINT('',(-1.806677414828,-0.4,1.373850906572));
#1501 = CIRCLE('',#1502,1.850427864373);
#1502 = AXIS2_PLACEMENT_3D('',#1503,#1504,#1505);
#1503 = CARTESIAN_POINT('',(0.,0.,1.373850906572));
#1504 = DIRECTION('',(-0.,0.,1.));
#1505 = DIRECTION('',(1.,-6.123233995737E-17,0.));
#1506 = ORIENTED_EDGE('',*,*,#1507,.F.);
#1507 = EDGE_CURVE('',#1508,#1499,#1510,.T.);
#1508 = VERTEX_POINT('',#1509);
#1509 = CARTESIAN_POINT('',(-1.861684137384,-0.4,0.7));
#1510 = HYPERBOLA('',#1511,5.015329485775,0.4);
#1511 = AXIS2_PLACEMENT_3D('',#1512,#1513,#1514);
#1512 = CARTESIAN_POINT('',(0.,-0.4,24.575114480296));
#1513 = DIRECTION('',(0.,-1.,0.));
#1514 = DIRECTION('',(-0.,-0.,-1.));
#1515 = ORIENTED_EDGE('',*,*,#1516,.F.);
#1516 = EDGE_CURVE('',#1517,#1508,#1519,.T.);
#1517 = VERTEX_POINT('',#1518);
#1518 = CARTESIAN_POINT('',(-1.861684137384,0.4,0.7));
#1519 = CIRCLE('',#1520,1.904171165465);
#1520 = AXIS2_PLACEMENT_3D('',#1521,#1522,#1523);
#1521 = CARTESIAN_POINT('',(0.,0.,0.7));
#1522 = DIRECTION('',(0.,0.,1.));
#1523 = DIRECTION('',(1.,0.,0.));
#1524 = ORIENTED_EDGE('',*,*,#1525,.F.);
#1525 = EDGE_CURVE('',#1526,#1517,#1528,.T.);
#1526 = VERTEX_POINT('',#1527);
#1527 = CARTESIAN_POINT('',(-1.806677414828,0.4,1.373850906572));
#1528 = HYPERBOLA('',#1529,5.015329485775,0.4);
#1529 = AXIS2_PLACEMENT_3D('',#1530,#1531,#1532);
#1530 = CARTESIAN_POINT('',(0.,0.4,24.575114480296));
#1531 = DIRECTION('',(0.,1.,0.));
#1532 = DIRECTION('',(0.,0.,-1.));
#1533 = ORIENTED_EDGE('',*,*,#1534,.F.);
#1534 = EDGE_CURVE('',#1535,#1526,#1537,.T.);
#1535 = VERTEX_POINT('',#1536);
#1536 = CARTESIAN_POINT('',(1.806677414828,0.4,1.373850906572));
#1537 = CIRCLE('',#1538,1.850427864373);
#1538 = AXIS2_PLACEMENT_3D('',#1539,#1540,#1541);
#1539 = CARTESIAN_POINT('',(0.,0.,1.373850906572));
#1540 = DIRECTION('',(-0.,0.,1.));
#1541 = DIRECTION('',(1.,-6.123233995737E-17,0.));
#1542 = ORIENTED_EDGE('',*,*,#1543,.F.);
#1543 = EDGE_CURVE('',#1544,#1535,#1546,.T.);
#1544 = VERTEX_POINT('',#1545);
#1545 = CARTESIAN_POINT('',(1.861684137384,0.4,0.7));
#1546 = HYPERBOLA('',#1547,5.015329485775,0.4);
#1547 = AXIS2_PLACEMENT_3D('',#1548,#1549,#1550);
#1548 = CARTESIAN_POINT('',(0.,0.4,24.575114480296));
#1549 = DIRECTION('',(0.,1.,0.));
#1550 = DIRECTION('',(0.,0.,-1.));
#1551 = ORIENTED_EDGE('',*,*,#1552,.F.);
#1552 = EDGE_CURVE('',#1474,#1544,#1553,.T.);
#1553 = CIRCLE('',#1554,1.904171165465);
#1554 = AXIS2_PLACEMENT_3D('',#1555,#1556,#1557);
#1555 = CARTESIAN_POINT('',(0.,0.,0.7));
#1556 = DIRECTION('',(0.,0.,1.));
#1557 = DIRECTION('',(1.,0.,0.));
#1558 = ORIENTED_EDGE('',*,*,#1473,.F.);
#1559 = CONICAL_SURFACE('',#1560,1.96,7.958701389094E-02);
#1560 = AXIS2_PLACEMENT_3D('',#1561,#1562,#1563);
#1561 = CARTESIAN_POINT('',(0.,0.,0.));
#1562 = DIRECTION('',(-0.,-0.,-1.));
#1563 = DIRECTION('',(1.,0.,0.));
#1564 = ADVANCED_FACE('',(#1565),#1568,.F.);
#1565 = FACE_BOUND('',#1566,.F.);
#1566 = EDGE_LOOP('',(#1567));
#1567 = ORIENTED_EDGE('',*,*,#1464,.T.);
#1568 = PLANE('',#1569);
#1569 = AXIS2_PLACEMENT_3D('',#1570,#1571,#1572);
#1570 = CARTESIAN_POINT('',(0.,0.,0.));
#1571 = DIRECTION('',(0.,0.,1.));
#1572 = DIRECTION('',(1.,0.,0.));
#1573 = ADVANCED_FACE('',(#1574),#1591,.T.);
#1574 = FACE_BOUND('',#1575,.T.);
#1575 = EDGE_LOOP('',(#1576,#1582,#1583,#1589,#1590));
#1576 = ORIENTED_EDGE('',*,*,#1577,.T.);
#1577 = EDGE_CURVE('',#1544,#1517,#1578,.T.);
#1578 = LINE('',#1579,#1580);
#1579 = CARTESIAN_POINT('',(1.96,0.4,0.7));
#1580 = VECTOR('',#1581,1.);
#1581 = DIRECTION('',(-1.,0.,0.));
#1582 = ORIENTED_EDGE('',*,*,#1516,.T.);
#1583 = ORIENTED_EDGE('',*,*,#1584,.T.);
#1584 = EDGE_CURVE('',#1508,#1481,#1585,.T.);
#1585 = LINE('',#1586,#1587);
#1586 = CARTESIAN_POINT('',(-1.96,-0.4,0.7));
#1587 = VECTOR('',#1588,1.);
#1588 = DIRECTION('',(1.,0.,0.));
#1589 = ORIENTED_EDGE('',*,*,#1480,.T.);
#1590 = ORIENTED_EDGE('',*,*,#1552,.T.);
#1591 = PLANE('',#1592);
#1592 = AXIS2_PLACEMENT_3D('',#1593,#1594,#1595);
#1593 = CARTESIAN_POINT('',(4.704334850107E-17,0.,0.7));
#1594 = DIRECTION('',(0.,0.,1.));
#1595 = DIRECTION('',(1.,0.,0.));
#1596 = ADVANCED_FACE('',(#1597),#1638,.F.);
#1597 = FACE_BOUND('',#1598,.F.);
#1598 = EDGE_LOOP('',(#1599,#1609,#1622,#1623,#1624,#1625));
#1599 = ORIENTED_EDGE('',*,*,#1600,.F.);
#1600 = EDGE_CURVE('',#1601,#1603,#1605,.T.);
#1601 = VERTEX_POINT('',#1602);
#1602 = CARTESIAN_POINT('',(1.49892363908,0.4,1.65));
#1603 = VERTEX_POINT('',#1604);
#1604 = CARTESIAN_POINT('',(-1.49892363908,0.4,1.65));
#1605 = LINE('',#1606,#1607);
#1606 = CARTESIAN_POINT('',(1.96,0.4,1.65));
#1607 = VECTOR('',#1608,1.);
#1608 = DIRECTION('',(-1.,0.,0.));
#1609 = ORIENTED_EDGE('',*,*,#1610,.F.);
#1610 = EDGE_CURVE('',#1535,#1601,#1611,.T.);
#1611 = B_SPLINE_CURVE_WITH_KNOTS('',5,(#1612,#1613,#1614,#1615,#1616,
    #1617,#1618,#1619,#1620,#1621),.UNSPECIFIED.,.F.,.F.,(6,4,6),(0.,
    0.501413672871,1.),.UNSPECIFIED.);
#1612 = CARTESIAN_POINT('',(1.806677414828,0.4,1.373850906572));
#1613 = CARTESIAN_POINT('',(1.803017900185,0.4,1.418650226725));
#1614 = CARTESIAN_POINT('',(1.790766450653,0.4,1.462781827016));
#1615 = CARTESIAN_POINT('',(1.77008707626,0.4,1.504123870383));
#1616 = CARTESIAN_POINT('',(1.741981210392,0.4,1.540667691976));
#1617 = CARTESIAN_POINT('',(1.674273783313,0.4,1.601179815882));
#1618 = CARTESIAN_POINT('',(1.634731099034,0.4,1.62522366661));
#1619 = CARTESIAN_POINT('',(1.590951152549,0.4,1.641748306625));
#1620 = CARTESIAN_POINT('',(1.544984973804,0.4,1.65));
#1621 = CARTESIAN_POINT('',(1.49892363908,0.4,1.65));
#1622 = ORIENTED_EDGE('',*,*,#1543,.F.);
#1623 = ORIENTED_EDGE('',*,*,#1577,.T.);
#1624 = ORIENTED_EDGE('',*,*,#1525,.F.);
#1625 = ORIENTED_EDGE('',*,*,#1626,.T.);
#1626 = EDGE_CURVE('',#1526,#1603,#1627,.T.);
#1627 = B_SPLINE_CURVE_WITH_KNOTS('',5,(#1628,#1629,#1630,#1631,#1632,
    #1633,#1634,#1635,#1636,#1637),.UNSPECIFIED.,.F.,.F.,(6,4,6),(0.,
    0.501413672871,1.),.UNSPECIFIED.);
#1628 = CARTESIAN_POINT('',(-1.806677414828,0.4,1.373850906572));
#1629 = CARTESIAN_POINT('',(-1.803017900185,0.4,1.418650226725));
#1630 = CARTESIAN_POINT('',(-1.790766450653,0.4,1.462781827016));
#1631 = CARTESIAN_POINT('',(-1.77008707626,0.4,1.504123870383));
#1632 = CARTESIAN_POINT('',(-1.741981210392,0.4,1.540667691976));
#1633 = CARTESIAN_POINT('',(-1.674273783313,0.4,1.601179815882));
#1634 = CARTESIAN_POINT('',(-1.634731099034,0.4,1.62522366661));
#1635 = CARTESIAN_POINT('',(-1.590951152549,0.4,1.641748306625));
#1636 = CARTESIAN_POINT('',(-1.544984973804,0.4,1.65));
#1637 = CARTESIAN_POINT('',(-1.49892363908,0.4,1.65));
#1638 = PLANE('',#1639);
#1639 = AXIS2_PLACEMENT_3D('',#1640,#1641,#1642);
#1640 = CARTESIAN_POINT('',(1.96,0.4,1.65));
#1641 = DIRECTION('',(0.,1.,0.));
#1642 = DIRECTION('',(-1.,0.,0.));
#1643 = ADVANCED_FACE('',(#1644),#1656,.T.);
#1644 = FACE_BOUND('',#1645,.T.);
#1645 = EDGE_LOOP('',(#1646,#1647,#1648,#1649));
#1646 = ORIENTED_EDGE('',*,*,#1610,.F.);
#1647 = ORIENTED_EDGE('',*,*,#1534,.T.);
#1648 = ORIENTED_EDGE('',*,*,#1626,.T.);
#1649 = ORIENTED_EDGE('',*,*,#1650,.F.);
#1650 = EDGE_CURVE('',#1601,#1603,#1651,.T.);
#1651 = CIRCLE('',#1652,1.551377476887);
#1652 = AXIS2_PLACEMENT_3D('',#1653,#1654,#1655);
#1653 = CARTESIAN_POINT('',(0.,0.,1.65));
#1654 = DIRECTION('',(-0.,0.,1.));
#1655 = DIRECTION('',(1.,-6.123233995737E-17,0.));
#1656 = TOROIDAL_SURFACE('',#1657,1.551377476887,0.3);
#1657 = AXIS2_PLACEMENT_3D('',#1658,#1659,#1660);
#1658 = CARTESIAN_POINT('',(0.,0.,1.35));
#1659 = DIRECTION('',(0.,0.,1.));
#1660 = DIRECTION('',(1.,-6.123233995737E-17,0.));
#1661 = ADVANCED_FACE('',(#1662),#1703,.F.);
#1662 = FACE_BOUND('',#1663,.F.);
#1663 = EDGE_LOOP('',(#1664,#1674,#1687,#1688,#1689,#1690));
#1664 = ORIENTED_EDGE('',*,*,#1665,.F.);
#1665 = EDGE_CURVE('',#1666,#1668,#1670,.T.);
#1666 = VERTEX_POINT('',#1667);
#1667 = CARTESIAN_POINT('',(-1.49892363908,-0.4,1.65));
#1668 = VERTEX_POINT('',#1669);
#1669 = CARTESIAN_POINT('',(1.49892363908,-0.4,1.65));
#1670 = LINE('',#1671,#1672);
#1671 = CARTESIAN_POINT('',(-1.96,-0.4,1.65));
#1672 = VECTOR('',#1673,1.);
#1673 = DIRECTION('',(1.,0.,0.));
#1674 = ORIENTED_EDGE('',*,*,#1675,.F.);
#1675 = EDGE_CURVE('',#1499,#1666,#1676,.T.);
#1676 = B_SPLINE_CURVE_WITH_KNOTS('',5,(#1677,#1678,#1679,#1680,#1681,
    #1682,#1683,#1684,#1685,#1686),.UNSPECIFIED.,.F.,.F.,(6,4,6),(0.,
    0.501413672871,1.),.UNSPECIFIED.);
#1677 = CARTESIAN_POINT('',(-1.806677414828,-0.4,1.373850906572));
#1678 = CARTESIAN_POINT('',(-1.803017900185,-0.4,1.418650226725));
#1679 = CARTESIAN_POINT('',(-1.790766450653,-0.4,1.462781827016));
#1680 = CARTESIAN_POINT('',(-1.77008707626,-0.4,1.504123870383));
#1681 = CARTESIAN_POINT('',(-1.741981210392,-0.4,1.540667691976));
#1682 = CARTESIAN_POINT('',(-1.674273783313,-0.4,1.601179815882));
#1683 = CARTESIAN_POINT('',(-1.634731099034,-0.4,1.62522366661));
#1684 = CARTESIAN_POINT('',(-1.590951152549,-0.4,1.641748306625));
#1685 = CARTESIAN_POINT('',(-1.544984973804,-0.4,1.65));
#1686 = CARTESIAN_POINT('',(-1.49892363908,-0.4,1.65));
#1687 = ORIENTED_EDGE('',*,*,#1507,.F.);
#1688 = ORIENTED_EDGE('',*,*,#1584,.T.);
#1689 = ORIENTED_EDGE('',*,*,#1489,.F.);
#1690 = ORIENTED_EDGE('',*,*,#1691,.T.);
#1691 = EDGE_CURVE('',#1490,#1668,#1692,.T.);
#1692 = B_SPLINE_CURVE_WITH_KNOTS('',5,(#1693,#1694,#1695,#1696,#1697,
    #1698,#1699,#1700,#1701,#1702),.UNSPECIFIED.,.F.,.F.,(6,4,6),(0.,
    0.501413672871,1.),.UNSPECIFIED.);
#1693 = CARTESIAN_POINT('',(1.806677414828,-0.4,1.373850906572));
#1694 = CARTESIAN_POINT('',(1.803017900185,-0.4,1.418650226725));
#1695 = CARTESIAN_POINT('',(1.790766450653,-0.4,1.462781827016));
#1696 = CARTESIAN_POINT('',(1.77008707626,-0.4,1.504123870383));
#1697 = CARTESIAN_POINT('',(1.741981210392,-0.4,1.540667691976));
#1698 = CARTESIAN_POINT('',(1.674273783313,-0.4,1.601179815882));
#1699 = CARTESIAN_POINT('',(1.634731099034,-0.4,1.62522366661));
#1700 = CARTESIAN_POINT('',(1.590951152549,-0.4,1.641748306625));
#1701 = CARTESIAN_POINT('',(1.544984973804,-0.4,1.65));
#1702 = CARTESIAN_POINT('',(1.49892363908,-0.4,1.65));
#1703 = PLANE('',#1704);
#1704 = AXIS2_PLACEMENT_3D('',#1705,#1706,#1707);
#1705 = CARTESIAN_POINT('',(-1.96,-0.4,1.65));
#1706 = DIRECTION('',(0.,-1.,0.));
#1707 = DIRECTION('',(1.,0.,0.));
#1708 = ADVANCED_FACE('',(#1709),#1721,.T.);
#1709 = FACE_BOUND('',#1710,.T.);
#1710 = EDGE_LOOP('',(#1711,#1712,#1713,#1720));
#1711 = ORIENTED_EDGE('',*,*,#1498,.T.);
#1712 = ORIENTED_EDGE('',*,*,#1691,.T.);
#1713 = ORIENTED_EDGE('',*,*,#1714,.F.);
#1714 = EDGE_CURVE('',#1666,#1668,#1715,.T.);
#1715 = CIRCLE('',#1716,1.551377476887);
#1716 = AXIS2_PLACEMENT_3D('',#1717,#1718,#1719);
#1717 = CARTESIAN_POINT('',(0.,0.,1.65));
#1718 = DIRECTION('',(-0.,0.,1.));
#1719 = DIRECTION('',(1.,-6.123233995737E-17,0.));
#1720 = ORIENTED_EDGE('',*,*,#1675,.F.);
#1721 = TOROIDAL_SURFACE('',#1722,1.551377476887,0.3);
#1722 = AXIS2_PLACEMENT_3D('',#1723,#1724,#1725);
#1723 = CARTESIAN_POINT('',(0.,0.,1.35));
#1724 = DIRECTION('',(0.,0.,1.));
#1725 = DIRECTION('',(1.,-6.123233995737E-17,0.));
#1726 = ADVANCED_FACE('',(#1727),#1731,.T.);
#1727 = FACE_BOUND('',#1728,.T.);
#1728 = EDGE_LOOP('',(#1729,#1730));
#1729 = ORIENTED_EDGE('',*,*,#1600,.F.);
#1730 = ORIENTED_EDGE('',*,*,#1650,.T.);
#1731 = PLANE('',#1732);
#1732 = AXIS2_PLACEMENT_3D('',#1733,#1734,#1735);
#1733 = CARTESIAN_POINT('',(0.,0.,1.65));
#1734 = DIRECTION('',(0.,0.,1.));
#1735 = DIRECTION('',(1.,0.,0.));
#1736 = ADVANCED_FACE('',(#1737),#1741,.T.);
#1737 = FACE_BOUND('',#1738,.T.);
#1738 = EDGE_LOOP('',(#1739,#1740));
#1739 = ORIENTED_EDGE('',*,*,#1714,.T.);
#1740 = ORIENTED_EDGE('',*,*,#1665,.F.);
#1741 = PLANE('',#1742);
#1742 = AXIS2_PLACEMENT_3D('',#1743,#1744,#1745);
#1743 = CARTESIAN_POINT('',(0.,0.,1.65));
#1744 = DIRECTION('',(0.,0.,1.));
#1745 = DIRECTION('',(1.,0.,0.));
#1746 = ( GEOMETRIC_REPRESENTATION_CONTEXT(3) 
GLOBAL_UNCERTAINTY_ASSIGNED_CONTEXT((#1750)) 
GLOBAL_UNIT_ASSIGNED_CONTEXT((#1747,#1748,#1749)) REPRESENTATION_CONTEXT
('Context #1','3D Context with UNIT and UNCERTAINTY') );
#1747 = ( LENGTH_UNIT() NAMED_UNIT(*) SI_UNIT(.MILLI.,.METRE.) );
#1748 = ( NAMED_UNIT(*) PLANE_ANGLE_UNIT() SI_UNIT($,.RADIAN.) );
#1749 = ( NAMED_UNIT(*) SI_UNIT($,.STERADIAN.) SOLID_ANGLE_UNIT() );
#1750 = UNCERTAINTY_MEASURE_WITH_UNIT(LENGTH_MEASURE(5.E-07),#1747,
  'distance_accuracy_value','confusion accuracy');
#1751 = CONTEXT_DEPENDENT_SHAPE_REPRESENTATION(#1752,#1754);
#1752 = ( REPRESENTATION_RELATIONSHIP('','',#1457,#10) 
REPRESENTATION_RELATIONSHIP_WITH_TRANSFORMATION(#1753) 
SHAPE_REPRESENTATION_RELATIONSHIP() );
#1753 = ITEM_DEFINED_TRANSFORMATION('','',#11,#23);
#1754 = PRODUCT_DEFINITION_SHAPE('Placement','Placement of an item',
  #1755);
#1755 = NEXT_ASSEMBLY_USAGE_OCCURRENCE('3','Screw','',#5,#1452,$);
#1756 = PRODUCT_RELATED_PRODUCT_CATEGORY('part',$,(#1454));
#1757 = SHAPE_DEFINITION_REPRESENTATION(#1758,#1764);
#1758 = PRODUCT_DEFINITION_SHAPE('','',#1759);
#1759 = PRODUCT_DEFINITION('design','',#1760,#1763);
#1760 = PRODUCT_DEFINITION_FORMATION('','',#1761);
#1761 = PRODUCT('Screw2','Screw2','',(#1762));
#1762 = PRODUCT_CONTEXT('',#2,'mechanical');
#1763 = PRODUCT_DEFINITION_CONTEXT('part definition',#2,'design');
#1764 = ADVANCED_BREP_SHAPE_REPRESENTATION('',(#11,#1765),#2053);
#1765 = MANIFOLD_SOLID_BREP('',#1766);
#1766 = CLOSED_SHELL('',(#1767,#1871,#1880,#1903,#1950,#1968,#2015,#2033
    ,#2043));
#1767 = ADVANCED_FACE('',(#1768),#1866,.T.);
#1768 = FACE_BOUND('',#1769,.T.);
#1769 = EDGE_LOOP('',(#1770,#1779,#1786,#1795,#1804,#1813,#1822,#1831,
    #1840,#1849,#1858,#1865));
#1770 = ORIENTED_EDGE('',*,*,#1771,.T.);
#1771 = EDGE_CURVE('',#1772,#1772,#1774,.T.);
#1772 = VERTEX_POINT('',#1773);
#1773 = CARTESIAN_POINT('',(-0.58,0.,15.75));
#1774 = CIRCLE('',#1775,1.96);
#1775 = AXIS2_PLACEMENT_3D('',#1776,#1777,#1778);
#1776 = CARTESIAN_POINT('',(-2.54,0.,15.75));
#1777 = DIRECTION('',(0.,0.,1.));
#1778 = DIRECTION('',(1.,0.,0.));
#1779 = ORIENTED_EDGE('',*,*,#1780,.T.);
#1780 = EDGE_CURVE('',#1772,#1781,#1783,.T.);
#1781 = VERTEX_POINT('',#1782);
#1782 = CARTESIAN_POINT('',(-0.635828834535,0.,16.45));
#1783 = B_SPLINE_CURVE_WITH_KNOTS('',1,(#1784,#1785),.UNSPECIFIED.,.F.,
  .F.,(2,2),(0.,1.),.PIECEWISE_BEZIER_KNOTS.);
#1784 = CARTESIAN_POINT('',(-0.58,0.,15.75));
#1785 = CARTESIAN_POINT('',(-0.711596538547,0.,17.4));
#1786 = ORIENTED_EDGE('',*,*,#1787,.F.);
#1787 = EDGE_CURVE('',#1788,#1781,#1790,.T.);
#1788 = VERTEX_POINT('',#1789);
#1789 = CARTESIAN_POINT('',(-0.678315862616,-0.4,16.45));
#1790 = CIRCLE('',#1791,1.904171165465);
#1791 = AXIS2_PLACEMENT_3D('',#1792,#1793,#1794);
#1792 = CARTESIAN_POINT('',(-2.54,0.,16.45));
#1793 = DIRECTION('',(0.,0.,1.));
#1794 = DIRECTION('',(1.,0.,0.));
#1795 = ORIENTED_EDGE('',*,*,#1796,.F.);
#1796 = EDGE_CURVE('',#1797,#1788,#1799,.T.);
#1797 = VERTEX_POINT('',#1798);
#1798 = CARTESIAN_POINT('',(-0.733322585172,-0.4,17.123850906572));
#1799 = HYPERBOLA('',#1800,5.015329485775,0.4);
#1800 = AXIS2_PLACEMENT_3D('',#1801,#1802,#1803);
#1801 = CARTESIAN_POINT('',(-2.54,-0.4,40.325114480296));
#1802 = DIRECTION('',(0.,-1.,0.));
#1803 = DIRECTION('',(-0.,-0.,-1.));
#1804 = ORIENTED_EDGE('',*,*,#1805,.F.);
#1805 = EDGE_CURVE('',#1806,#1797,#1808,.T.);
#1806 = VERTEX_POINT('',#1807);
#1807 = CARTESIAN_POINT('',(-4.346677414828,-0.4,17.123850906572));
#1808 = CIRCLE('',#1809,1.850427864373);
#1809 = AXIS2_PLACEMENT_3D('',#1810,#1811,#1812);
#1810 = CARTESIAN_POINT('',(-2.54,0.,17.123850906572));
#1811 = DIRECTION('',(-0.,0.,1.));
#1812 = DIRECTION('',(1.,-6.123233995737E-17,0.));
#1813 = ORIENTED_EDGE('',*,*,#1814,.F.);
#1814 = EDGE_CURVE('',#1815,#1806,#1817,.T.);
#1815 = VERTEX_POINT('',#1816);
#1816 = CARTESIAN_POINT('',(-4.401684137384,-0.4,16.45));
#1817 = HYPERBOLA('',#1818,5.015329485775,0.4);
#1818 = AXIS2_PLACEMENT_3D('',#1819,#1820,#1821);
#1819 = CARTESIAN_POINT('',(-2.54,-0.4,40.325114480296));
#1820 = DIRECTION('',(0.,-1.,0.));
#1821 = DIRECTION('',(-0.,-0.,-1.));
#1822 = ORIENTED_EDGE('',*,*,#1823,.F.);
#1823 = EDGE_CURVE('',#1824,#1815,#1826,.T.);
#1824 = VERTEX_POINT('',#1825);
#1825 = CARTESIAN_POINT('',(-4.401684137384,0.4,16.45));
#1826 = CIRCLE('',#1827,1.904171165465);
#1827 = AXIS2_PLACEMENT_3D('',#1828,#1829,#1830);
#1828 = CARTESIAN_POINT('',(-2.54,0.,16.45));
#1829 = DIRECTION('',(0.,0.,1.));
#1830 = DIRECTION('',(1.,0.,0.));
#1831 = ORIENTED_EDGE('',*,*,#1832,.F.);
#1832 = EDGE_CURVE('',#1833,#1824,#1835,.T.);
#1833 = VERTEX_POINT('',#1834);
#1834 = CARTESIAN_POINT('',(-4.346677414828,0.4,17.123850906572));
#1835 = HYPERBOLA('',#1836,5.015329485775,0.4);
#1836 = AXIS2_PLACEMENT_3D('',#1837,#1838,#1839);
#1837 = CARTESIAN_POINT('',(-2.54,0.4,40.325114480296));
#1838 = DIRECTION('',(0.,1.,0.));
#1839 = DIRECTION('',(0.,0.,-1.));
#1840 = ORIENTED_EDGE('',*,*,#1841,.F.);
#1841 = EDGE_CURVE('',#1842,#1833,#1844,.T.);
#1842 = VERTEX_POINT('',#1843);
#1843 = CARTESIAN_POINT('',(-0.733322585172,0.4,17.123850906572));
#1844 = CIRCLE('',#1845,1.850427864373);
#1845 = AXIS2_PLACEMENT_3D('',#1846,#1847,#1848);
#1846 = CARTESIAN_POINT('',(-2.54,0.,17.123850906572));
#1847 = DIRECTION('',(-0.,0.,1.));
#1848 = DIRECTION('',(1.,-6.123233995737E-17,0.));
#1849 = ORIENTED_EDGE('',*,*,#1850,.F.);
#1850 = EDGE_CURVE('',#1851,#1842,#1853,.T.);
#1851 = VERTEX_POINT('',#1852);
#1852 = CARTESIAN_POINT('',(-0.678315862616,0.4,16.45));
#1853 = HYPERBOLA('',#1854,5.015329485775,0.4);
#1854 = AXIS2_PLACEMENT_3D('',#1855,#1856,#1857);
#1855 = CARTESIAN_POINT('',(-2.54,0.4,40.325114480296));
#1856 = DIRECTION('',(0.,1.,0.));
#1857 = DIRECTION('',(0.,0.,-1.));
#1858 = ORIENTED_EDGE('',*,*,#1859,.F.);
#1859 = EDGE_CURVE('',#1781,#1851,#1860,.T.);
#1860 = CIRCLE('',#1861,1.904171165465);
#1861 = AXIS2_PLACEMENT_3D('',#1862,#1863,#1864);
#1862 = CARTESIAN_POINT('',(-2.54,0.,16.45));
#1863 = DIRECTION('',(0.,0.,1.));
#1864 = DIRECTION('',(1.,0.,0.));
#1865 = ORIENTED_EDGE('',*,*,#1780,.F.);
#1866 = CONICAL_SURFACE('',#1867,1.96,7.958701389094E-02);
#1867 = AXIS2_PLACEMENT_3D('',#1868,#1869,#1870);
#1868 = CARTESIAN_POINT('',(-2.54,0.,15.75));
#1869 = DIRECTION('',(-0.,-0.,-1.));
#1870 = DIRECTION('',(1.,0.,0.));
#1871 = ADVANCED_FACE('',(#1872),#1875,.F.);
#1872 = FACE_BOUND('',#1873,.F.);
#1873 = EDGE_LOOP('',(#1874));
#1874 = ORIENTED_EDGE('',*,*,#1771,.T.);
#1875 = PLANE('',#1876);
#1876 = AXIS2_PLACEMENT_3D('',#1877,#1878,#1879);
#1877 = CARTESIAN_POINT('',(-2.54,0.,15.75));
#1878 = DIRECTION('',(0.,0.,1.));
#1879 = DIRECTION('',(1.,0.,0.));
#1880 = ADVANCED_FACE('',(#1881),#1898,.T.);
#1881 = FACE_BOUND('',#1882,.T.);
#1882 = EDGE_LOOP('',(#1883,#1889,#1890,#1896,#1897));
#1883 = ORIENTED_EDGE('',*,*,#1884,.T.);
#1884 = EDGE_CURVE('',#1851,#1824,#1885,.T.);
#1885 = LINE('',#1886,#1887);
#1886 = CARTESIAN_POINT('',(-0.58,0.4,16.45));
#1887 = VECTOR('',#1888,1.);
#1888 = DIRECTION('',(-1.,0.,0.));
#1889 = ORIENTED_EDGE('',*,*,#1823,.T.);
#1890 = ORIENTED_EDGE('',*,*,#1891,.T.);
#1891 = EDGE_CURVE('',#1815,#1788,#1892,.T.);
#1892 = LINE('',#1893,#1894);
#1893 = CARTESIAN_POINT('',(-4.5,-0.4,16.45));
#1894 = VECTOR('',#1895,1.);
#1895 = DIRECTION('',(1.,0.,0.));
#1896 = ORIENTED_EDGE('',*,*,#1787,.T.);
#1897 = ORIENTED_EDGE('',*,*,#1859,.T.);
#1898 = PLANE('',#1899);
#1899 = AXIS2_PLACEMENT_3D('',#1900,#1901,#1902);
#1900 = CARTESIAN_POINT('',(-2.54,0.,16.45));
#1901 = DIRECTION('',(0.,0.,1.));
#1902 = DIRECTION('',(1.,0.,0.));
#1903 = ADVANCED_FACE('',(#1904),#1945,.F.);
#1904 = FACE_BOUND('',#1905,.F.);
#1905 = EDGE_LOOP('',(#1906,#1916,#1929,#1930,#1931,#1932));
#1906 = ORIENTED_EDGE('',*,*,#1907,.F.);
#1907 = EDGE_CURVE('',#1908,#1910,#1912,.T.);
#1908 = VERTEX_POINT('',#1909);
#1909 = CARTESIAN_POINT('',(-1.04107636092,0.4,17.4));
#1910 = VERTEX_POINT('',#1911);
#1911 = CARTESIAN_POINT('',(-4.03892363908,0.4,17.4));
#1912 = LINE('',#1913,#1914);
#1913 = CARTESIAN_POINT('',(-0.58,0.4,17.4));
#1914 = VECTOR('',#1915,1.);
#1915 = DIRECTION('',(-1.,0.,0.));
#1916 = ORIENTED_EDGE('',*,*,#1917,.F.);
#1917 = EDGE_CURVE('',#1842,#1908,#1918,.T.);
#1918 = B_SPLINE_CURVE_WITH_KNOTS('',5,(#1919,#1920,#1921,#1922,#1923,
    #1924,#1925,#1926,#1927,#1928),.UNSPECIFIED.,.F.,.F.,(6,4,6),(0.,
    0.501413672871,1.),.UNSPECIFIED.);
#1919 = CARTESIAN_POINT('',(-0.733322585172,0.4,17.123850906572));
#1920 = CARTESIAN_POINT('',(-0.736982099815,0.4,17.168650226725));
#1921 = CARTESIAN_POINT('',(-0.749233549347,0.4,17.212781827016));
#1922 = CARTESIAN_POINT('',(-0.76991292374,0.4,17.254123870383));
#1923 = CARTESIAN_POINT('',(-0.798018789608,0.4,17.290667691976));
#1924 = CARTESIAN_POINT('',(-0.865726216687,0.4,17.351179815882));
#1925 = CARTESIAN_POINT('',(-0.905268900966,0.4,17.37522366661));
#1926 = CARTESIAN_POINT('',(-0.949048847451,0.4,17.391748306625));
#1927 = CARTESIAN_POINT('',(-0.995015026196,0.4,17.4));
#1928 = CARTESIAN_POINT('',(-1.04107636092,0.4,17.4));
#1929 = ORIENTED_EDGE('',*,*,#1850,.F.);
#1930 = ORIENTED_EDGE('',*,*,#1884,.T.);
#1931 = ORIENTED_EDGE('',*,*,#1832,.F.);
#1932 = ORIENTED_EDGE('',*,*,#1933,.T.);
#1933 = EDGE_CURVE('',#1833,#1910,#1934,.T.);
#1934 = B_SPLINE_CURVE_WITH_KNOTS('',5,(#1935,#1936,#1937,#1938,#1939,
    #1940,#1941,#1942,#1943,#1944),.UNSPECIFIED.,.F.,.F.,(6,4,6),(0.,
    0.501413672871,1.),.UNSPECIFIED.);
#1935 = CARTESIAN_POINT('',(-4.346677414828,0.4,17.123850906572));
#1936 = CARTESIAN_POINT('',(-4.343017900185,0.4,17.168650226725));
#1937 = CARTESIAN_POINT('',(-4.330766450653,0.4,17.212781827016));
#1938 = CARTESIAN_POINT('',(-4.31008707626,0.4,17.254123870383));
#1939 = CARTESIAN_POINT('',(-4.281981210392,0.4,17.290667691976));
#1940 = CARTESIAN_POINT('',(-4.214273783313,0.4,17.351179815882));
#1941 = CARTESIAN_POINT('',(-4.174731099034,0.4,17.37522366661));
#1942 = CARTESIAN_POINT('',(-4.130951152549,0.4,17.391748306625));
#1943 = CARTESIAN_POINT('',(-4.084984973804,0.4,17.4));
#1944 = CARTESIAN_POINT('',(-4.03892363908,0.4,17.4));
#1945 = PLANE('',#1946);
#1946 = AXIS2_PLACEMENT_3D('',#1947,#1948,#1949);
#1947 = CARTESIAN_POINT('',(-0.58,0.4,17.4));
#1948 = DIRECTION('',(0.,1.,0.));
#1949 = DIRECTION('',(-1.,0.,0.));
#1950 = ADVANCED_FACE('',(#1951),#1963,.T.);
#1951 = FACE_BOUND('',#1952,.T.);
#1952 = EDGE_LOOP('',(#1953,#1954,#1955,#1956));
#1953 = ORIENTED_EDGE('',*,*,#1917,.F.);
#1954 = ORIENTED_EDGE('',*,*,#1841,.T.);
#1955 = ORIENTED_EDGE('',*,*,#1933,.T.);
#1956 = ORIENTED_EDGE('',*,*,#1957,.F.);
#1957 = EDGE_CURVE('',#1908,#1910,#1958,.T.);
#1958 = CIRCLE('',#1959,1.551377476887);
#1959 = AXIS2_PLACEMENT_3D('',#1960,#1961,#1962);
#1960 = CARTESIAN_POINT('',(-2.54,0.,17.4));
#1961 = DIRECTION('',(-0.,0.,1.));
#1962 = DIRECTION('',(1.,-6.123233995737E-17,0.));
#1963 = TOROIDAL_SURFACE('',#1964,1.551377476887,0.3);
#1964 = AXIS2_PLACEMENT_3D('',#1965,#1966,#1967);
#1965 = CARTESIAN_POINT('',(-2.54,0.,17.1));
#1966 = DIRECTION('',(0.,0.,1.));
#1967 = DIRECTION('',(1.,-6.123233995737E-17,0.));
#1968 = ADVANCED_FACE('',(#1969),#2010,.F.);
#1969 = FACE_BOUND('',#1970,.F.);
#1970 = EDGE_LOOP('',(#1971,#1981,#1994,#1995,#1996,#1997));
#1971 = ORIENTED_EDGE('',*,*,#1972,.F.);
#1972 = EDGE_CURVE('',#1973,#1975,#1977,.T.);
#1973 = VERTEX_POINT('',#1974);
#1974 = CARTESIAN_POINT('',(-4.03892363908,-0.4,17.4));
#1975 = VERTEX_POINT('',#1976);
#1976 = CARTESIAN_POINT('',(-1.04107636092,-0.4,17.4));
#1977 = LINE('',#1978,#1979);
#1978 = CARTESIAN_POINT('',(-4.5,-0.4,17.4));
#1979 = VECTOR('',#1980,1.);
#1980 = DIRECTION('',(1.,0.,0.));
#1981 = ORIENTED_EDGE('',*,*,#1982,.F.);
#1982 = EDGE_CURVE('',#1806,#1973,#1983,.T.);
#1983 = B_SPLINE_CURVE_WITH_KNOTS('',5,(#1984,#1985,#1986,#1987,#1988,
    #1989,#1990,#1991,#1992,#1993),.UNSPECIFIED.,.F.,.F.,(6,4,6),(0.,
    0.501413672871,1.),.UNSPECIFIED.);
#1984 = CARTESIAN_POINT('',(-4.346677414828,-0.4,17.123850906572));
#1985 = CARTESIAN_POINT('',(-4.343017900185,-0.4,17.168650226725));
#1986 = CARTESIAN_POINT('',(-4.330766450653,-0.4,17.212781827016));
#1987 = CARTESIAN_POINT('',(-4.31008707626,-0.4,17.254123870383));
#1988 = CARTESIAN_POINT('',(-4.281981210392,-0.4,17.290667691976));
#1989 = CARTESIAN_POINT('',(-4.214273783313,-0.4,17.351179815882));
#1990 = CARTESIAN_POINT('',(-4.174731099034,-0.4,17.37522366661));
#1991 = CARTESIAN_POINT('',(-4.130951152549,-0.4,17.391748306625));
#1992 = CARTESIAN_POINT('',(-4.084984973804,-0.4,17.4));
#1993 = CARTESIAN_POINT('',(-4.03892363908,-0.4,17.4));
#1994 = ORIENTED_EDGE('',*,*,#1814,.F.);
#1995 = ORIENTED_EDGE('',*,*,#1891,.T.);
#1996 = ORIENTED_EDGE('',*,*,#1796,.F.);
#1997 = ORIENTED_EDGE('',*,*,#1998,.T.);
#1998 = EDGE_CURVE('',#1797,#1975,#1999,.T.);
#1999 = B_SPLINE_CURVE_WITH_KNOTS('',5,(#2000,#2001,#2002,#2003,#2004,
    #2005,#2006,#2007,#2008,#2009),.UNSPECIFIED.,.F.,.F.,(6,4,6),(0.,
    0.501413672871,1.),.UNSPECIFIED.);
#2000 = CARTESIAN_POINT('',(-0.733322585172,-0.4,17.123850906572));
#2001 = CARTESIAN_POINT('',(-0.736982099815,-0.4,17.168650226725));
#2002 = CARTESIAN_POINT('',(-0.749233549347,-0.4,17.212781827016));
#2003 = CARTESIAN_POINT('',(-0.76991292374,-0.4,17.254123870383));
#2004 = CARTESIAN_POINT('',(-0.798018789608,-0.4,17.290667691976));
#2005 = CARTESIAN_POINT('',(-0.865726216687,-0.4,17.351179815882));
#2006 = CARTESIAN_POINT('',(-0.905268900966,-0.4,17.37522366661));
#2007 = CARTESIAN_POINT('',(-0.949048847451,-0.4,17.391748306625));
#2008 = CARTESIAN_POINT('',(-0.995015026196,-0.4,17.4));
#2009 = CARTESIAN_POINT('',(-1.04107636092,-0.4,17.4));
#2010 = PLANE('',#2011);
#2011 = AXIS2_PLACEMENT_3D('',#2012,#2013,#2014);
#2012 = CARTESIAN_POINT('',(-4.5,-0.4,17.4));
#2013 = DIRECTION('',(0.,-1.,0.));
#2014 = DIRECTION('',(1.,0.,0.));
#2015 = ADVANCED_FACE('',(#2016),#2028,.T.);
#2016 = FACE_BOUND('',#2017,.T.);
#2017 = EDGE_LOOP('',(#2018,#2019,#2020,#2027));
#2018 = ORIENTED_EDGE('',*,*,#1805,.T.);
#2019 = ORIENTED_EDGE('',*,*,#1998,.T.);
#2020 = ORIENTED_EDGE('',*,*,#2021,.F.);
#2021 = EDGE_CURVE('',#1973,#1975,#2022,.T.);
#2022 = CIRCLE('',#2023,1.551377476887);
#2023 = AXIS2_PLACEMENT_3D('',#2024,#2025,#2026);
#2024 = CARTESIAN_POINT('',(-2.54,0.,17.4));
#2025 = DIRECTION('',(-0.,0.,1.));
#2026 = DIRECTION('',(1.,-6.123233995737E-17,0.));
#2027 = ORIENTED_EDGE('',*,*,#1982,.F.);
#2028 = TOROIDAL_SURFACE('',#2029,1.551377476887,0.3);
#2029 = AXIS2_PLACEMENT_3D('',#2030,#2031,#2032);
#2030 = CARTESIAN_POINT('',(-2.54,0.,17.1));
#2031 = DIRECTION('',(0.,0.,1.));
#2032 = DIRECTION('',(1.,-6.123233995737E-17,0.));
#2033 = ADVANCED_FACE('',(#2034),#2038,.T.);
#2034 = FACE_BOUND('',#2035,.T.);
#2035 = EDGE_LOOP('',(#2036,#2037));
#2036 = ORIENTED_EDGE('',*,*,#1907,.F.);
#2037 = ORIENTED_EDGE('',*,*,#1957,.T.);
#2038 = PLANE('',#2039);
#2039 = AXIS2_PLACEMENT_3D('',#2040,#2041,#2042);
#2040 = CARTESIAN_POINT('',(-2.54,0.,17.4));
#2041 = DIRECTION('',(0.,0.,1.));
#2042 = DIRECTION('',(1.,0.,0.));
#2043 = ADVANCED_FACE('',(#2044),#2048,.T.);
#2044 = FACE_BOUND('',#2045,.T.);
#2045 = EDGE_LOOP('',(#2046,#2047));
#2046 = ORIENTED_EDGE('',*,*,#2021,.T.);
#2047 = ORIENTED_EDGE('',*,*,#1972,.F.);
#2048 = PLANE('',#2049);
#2049 = AXIS2_PLACEMENT_3D('',#2050,#2051,#2052);
#2050 = CARTESIAN_POINT('',(-2.54,0.,17.4));
#2051 = DIRECTION('',(0.,0.,1.));
#2052 = DIRECTION('',(1.,0.,0.));
#2053 = ( GEOMETRIC_REPRESENTATION_CONTEXT(3) 
GLOBAL_UNCERTAINTY_ASSIGNED_CONTEXT((#2057)) 
GLOBAL_UNIT_ASSIGNED_CONTEXT((#2054,#2055,#2056)) REPRESENTATION_CONTEXT
('Context #1','3D Context with UNIT and UNCERTAINTY') );
#2054 = ( LENGTH_UNIT() NAMED_UNIT(*) SI_UNIT(.MILLI.,.METRE.) );
#2055 = ( NAMED_UNIT(*) PLANE_ANGLE_UNIT() SI_UNIT($,.RADIAN.) );
#2056 = ( NAMED_UNIT(*) SI_UNIT($,.STERADIAN.) SOLID_ANGLE_UNIT() );
#2057 = UNCERTAINTY_MEASURE_WITH_UNIT(LENGTH_MEASURE(5.E-07),#2054,
  'distance_accuracy_value','confusion accuracy');
#2058 = CONTEXT_DEPENDENT_SHAPE_REPRESENTATION(#2059,#2061);
#2059 = ( REPRESENTATION_RELATIONSHIP('','',#1764,#10) 
REPRESENTATION_RELATIONSHIP_WITH_TRANSFORMATION(#2060) 
SHAPE_REPRESENTATION_RELATIONSHIP() );
#2060 = ITEM_DEFINED_TRANSFORMATION('','',#11,#27);
#2061 = PRODUCT_DEFINITION_SHAPE('Placement','Placement of an item',
  #2062);
#2062 = NEXT_ASSEMBLY_USAGE_OCCURRENCE('4','Screw2','',#5,#1759,$);
#2063 = PRODUCT_RELATED_PRODUCT_CATEGORY('part',$,(#1761));
#2064 = SHAPE_DEFINITION_REPRESENTATION(#2065,#2071);
#2065 = PRODUCT_DEFINITION_SHAPE('','',#2066);
#2066 = PRODUCT_DEFINITION('design','',#2067,#2070);
#2067 = PRODUCT_DEFINITION_FORMATION('','',#2068);
#2068 = PRODUCT('Pin','Pin','',(#2069));
#2069 = PRODUCT_CONTEXT('',#2,'mechanical');
#2070 = PRODUCT_DEFINITION_CONTEXT('part definition',#2,'design');
#2071 = ADVANCED_BREP_SHAPE_REPRESENTATION('',(#11,#2072),#2288);
#2072 = MANIFOLD_SOLID_BREP('',#2073);
#2073 = CLOSED_SHELL('',(#2074,#2114,#2145,#2176,#2207,#2238,#2260,#2274
    ));
#2074 = ADVANCED_FACE('',(#2075),#2109,.F.);
#2075 = FACE_BOUND('',#2076,.F.);
#2076 = EDGE_LOOP('',(#2077,#2087,#2095,#2103));
#2077 = ORIENTED_EDGE('',*,*,#2078,.T.);
#2078 = EDGE_CURVE('',#2079,#2081,#2083,.T.);
#2079 = VERTEX_POINT('',#2080);
#2080 = CARTESIAN_POINT('',(-0.5,0.4,-8.881784197001E-17));
#2081 = VERTEX_POINT('',#2082);
#2082 = CARTESIAN_POINT('',(-0.5,-0.4,8.881784197001E-17));
#2083 = LINE('',#2084,#2085);
#2084 = CARTESIAN_POINT('',(-0.5,0.4,-8.881784197001E-17));
#2085 = VECTOR('',#2086,1.);
#2086 = DIRECTION('',(0.,-1.,2.22044604925E-16));
#2087 = ORIENTED_EDGE('',*,*,#2088,.T.);
#2088 = EDGE_CURVE('',#2081,#2089,#2091,.T.);
#2089 = VERTEX_POINT('',#2090);
#2090 = CARTESIAN_POINT('',(-0.5,-0.4,-2.5));
#2091 = LINE('',#2092,#2093);
#2092 = CARTESIAN_POINT('',(-0.5,-0.4,5.551115123126E-17));
#2093 = VECTOR('',#2094,1.);
#2094 = DIRECTION('',(0.,-2.22044604925E-16,-1.));
#2095 = ORIENTED_EDGE('',*,*,#2096,.F.);
#2096 = EDGE_CURVE('',#2097,#2089,#2099,.T.);
#2097 = VERTEX_POINT('',#2098);
#2098 = CARTESIAN_POINT('',(-0.5,0.4,-2.5));
#2099 = LINE('',#2100,#2101);
#2100 = CARTESIAN_POINT('',(-0.5,0.4,-2.5));
#2101 = VECTOR('',#2102,1.);
#2102 = DIRECTION('',(0.,-1.,2.22044604925E-16));
#2103 = ORIENTED_EDGE('',*,*,#2104,.F.);
#2104 = EDGE_CURVE('',#2079,#2097,#2105,.T.);
#2105 = LINE('',#2106,#2107);
#2106 = CARTESIAN_POINT('',(-0.5,0.4,-5.551115123126E-17));
#2107 = VECTOR('',#2108,1.);
#2108 = DIRECTION('',(0.,-2.22044604925E-16,-1.));
#2109 = PLANE('',#2110);
#2110 = AXIS2_PLACEMENT_3D('',#2111,#2112,#2113);
#2111 = CARTESIAN_POINT('',(-0.5,0.4,-8.881784197001E-17));
#2112 = DIRECTION('',(1.,0.,0.));
#2113 = DIRECTION('',(0.,-2.22044604925E-16,-1.));
#2114 = ADVANCED_FACE('',(#2115),#2140,.F.);
#2115 = FACE_BOUND('',#2116,.F.);
#2116 = EDGE_LOOP('',(#2117,#2118,#2126,#2134));
#2117 = ORIENTED_EDGE('',*,*,#2096,.T.);
#2118 = ORIENTED_EDGE('',*,*,#2119,.T.);
#2119 = EDGE_CURVE('',#2089,#2120,#2122,.T.);
#2120 = VERTEX_POINT('',#2121);
#2121 = CARTESIAN_POINT('',(-0.3,-0.4,-3.5));
#2122 = LINE('',#2123,#2124);
#2123 = CARTESIAN_POINT('',(-0.5,-0.4,-2.5));
#2124 = VECTOR('',#2125,1.);
#2125 = DIRECTION('',(0.196116135138,-2.177326487309E-16,-0.980580675691
    ));
#2126 = ORIENTED_EDGE('',*,*,#2127,.F.);
#2127 = EDGE_CURVE('',#2128,#2120,#2130,.T.);
#2128 = VERTEX_POINT('',#2129);
#2129 = CARTESIAN_POINT('',(-0.3,0.4,-3.5));
#2130 = LINE('',#2131,#2132);
#2131 = CARTESIAN_POINT('',(-0.3,0.4,-3.5));
#2132 = VECTOR('',#2133,1.);
#2133 = DIRECTION('',(0.,-1.,2.22044604925E-16));
#2134 = ORIENTED_EDGE('',*,*,#2135,.F.);
#2135 = EDGE_CURVE('',#2097,#2128,#2136,.T.);
#2136 = LINE('',#2137,#2138);
#2137 = CARTESIAN_POINT('',(-0.5,0.4,-2.5));
#2138 = VECTOR('',#2139,1.);
#2139 = DIRECTION('',(0.196116135138,-2.177326487309E-16,-0.980580675691
    ));
#2140 = PLANE('',#2141);
#2141 = AXIS2_PLACEMENT_3D('',#2142,#2143,#2144);
#2142 = CARTESIAN_POINT('',(-0.5,0.4,-2.5));
#2143 = DIRECTION('',(0.980580675691,4.354652974618E-17,0.196116135138)
  );
#2144 = DIRECTION('',(0.196116135138,-2.177326487309E-16,-0.980580675691
    ));
#2145 = ADVANCED_FACE('',(#2146),#2171,.F.);
#2146 = FACE_BOUND('',#2147,.F.);
#2147 = EDGE_LOOP('',(#2148,#2149,#2157,#2165));
#2148 = ORIENTED_EDGE('',*,*,#2127,.T.);
#2149 = ORIENTED_EDGE('',*,*,#2150,.T.);
#2150 = EDGE_CURVE('',#2120,#2151,#2153,.T.);
#2151 = VERTEX_POINT('',#2152);
#2152 = CARTESIAN_POINT('',(0.3,-0.4,-3.5));
#2153 = LINE('',#2154,#2155);
#2154 = CARTESIAN_POINT('',(-0.3,-0.4,-3.5));
#2155 = VECTOR('',#2156,1.);
#2156 = DIRECTION('',(1.,0.,0.));
#2157 = ORIENTED_EDGE('',*,*,#2158,.F.);
#2158 = EDGE_CURVE('',#2159,#2151,#2161,.T.);
#2159 = VERTEX_POINT('',#2160);
#2160 = CARTESIAN_POINT('',(0.3,0.4,-3.5));
#2161 = LINE('',#2162,#2163);
#2162 = CARTESIAN_POINT('',(0.3,0.4,-3.5));
#2163 = VECTOR('',#2164,1.);
#2164 = DIRECTION('',(0.,-1.,2.22044604925E-16));
#2165 = ORIENTED_EDGE('',*,*,#2166,.F.);
#2166 = EDGE_CURVE('',#2128,#2159,#2167,.T.);
#2167 = LINE('',#2168,#2169);
#2168 = CARTESIAN_POINT('',(-0.3,0.4,-3.5));
#2169 = VECTOR('',#2170,1.);
#2170 = DIRECTION('',(1.,0.,0.));
#2171 = PLANE('',#2172);
#2172 = AXIS2_PLACEMENT_3D('',#2173,#2174,#2175);
#2173 = CARTESIAN_POINT('',(-0.3,0.4,-3.5));
#2174 = DIRECTION('',(0.,2.22044604925E-16,1.));
#2175 = DIRECTION('',(1.,0.,0.));
#2176 = ADVANCED_FACE('',(#2177),#2202,.F.);
#2177 = FACE_BOUND('',#2178,.F.);
#2178 = EDGE_LOOP('',(#2179,#2180,#2188,#2196));
#2179 = ORIENTED_EDGE('',*,*,#2158,.T.);
#2180 = ORIENTED_EDGE('',*,*,#2181,.T.);
#2181 = EDGE_CURVE('',#2151,#2182,#2184,.T.);
#2182 = VERTEX_POINT('',#2183);
#2183 = CARTESIAN_POINT('',(0.5,-0.4,-2.5));
#2184 = LINE('',#2185,#2186);
#2185 = CARTESIAN_POINT('',(0.3,-0.4,-3.5));
#2186 = VECTOR('',#2187,1.);
#2187 = DIRECTION('',(0.196116135138,2.177326487309E-16,0.980580675691)
  );
#2188 = ORIENTED_EDGE('',*,*,#2189,.F.);
#2189 = EDGE_CURVE('',#2190,#2182,#2192,.T.);
#2190 = VERTEX_POINT('',#2191);
#2191 = CARTESIAN_POINT('',(0.5,0.4,-2.5));
#2192 = LINE('',#2193,#2194);
#2193 = CARTESIAN_POINT('',(0.5,0.4,-2.5));
#2194 = VECTOR('',#2195,1.);
#2195 = DIRECTION('',(0.,-1.,2.22044604925E-16));
#2196 = ORIENTED_EDGE('',*,*,#2197,.F.);
#2197 = EDGE_CURVE('',#2159,#2190,#2198,.T.);
#2198 = LINE('',#2199,#2200);
#2199 = CARTESIAN_POINT('',(0.3,0.4,-3.5));
#2200 = VECTOR('',#2201,1.);
#2201 = DIRECTION('',(0.196116135138,2.177326487309E-16,0.980580675691)
  );
#2202 = PLANE('',#2203);
#2203 = AXIS2_PLACEMENT_3D('',#2204,#2205,#2206);
#2204 = CARTESIAN_POINT('',(0.3,0.4,-3.5));
#2205 = DIRECTION('',(-0.980580675691,4.354652974618E-17,0.196116135138)
  );
#2206 = DIRECTION('',(0.196116135138,2.177326487309E-16,0.980580675691)
  );
#2207 = ADVANCED_FACE('',(#2208),#2233,.F.);
#2208 = FACE_BOUND('',#2209,.F.);
#2209 = EDGE_LOOP('',(#2210,#2211,#2219,#2227));
#2210 = ORIENTED_EDGE('',*,*,#2189,.T.);
#2211 = ORIENTED_EDGE('',*,*,#2212,.T.);
#2212 = EDGE_CURVE('',#2182,#2213,#2215,.T.);
#2213 = VERTEX_POINT('',#2214);
#2214 = CARTESIAN_POINT('',(0.5,-0.4,8.881784197001E-17));
#2215 = LINE('',#2216,#2217);
#2216 = CARTESIAN_POINT('',(0.5,-0.4,-2.5));
#2217 = VECTOR('',#2218,1.);
#2218 = DIRECTION('',(0.,2.22044604925E-16,1.));
#2219 = ORIENTED_EDGE('',*,*,#2220,.F.);
#2220 = EDGE_CURVE('',#2221,#2213,#2223,.T.);
#2221 = VERTEX_POINT('',#2222);
#2222 = CARTESIAN_POINT('',(0.5,0.4,-8.881784197001E-17));
#2223 = LINE('',#2224,#2225);
#2224 = CARTESIAN_POINT('',(0.5,0.4,-8.881784197001E-17));
#2225 = VECTOR('',#2226,1.);
#2226 = DIRECTION('',(0.,-1.,2.22044604925E-16));
#2227 = ORIENTED_EDGE('',*,*,#2228,.F.);
#2228 = EDGE_CURVE('',#2190,#2221,#2229,.T.);
#2229 = LINE('',#2230,#2231);
#2230 = CARTESIAN_POINT('',(0.5,0.4,-2.5));
#2231 = VECTOR('',#2232,1.);
#2232 = DIRECTION('',(0.,2.22044604925E-16,1.));
#2233 = PLANE('',#2234);
#2234 = AXIS2_PLACEMENT_3D('',#2235,#2236,#2237);
#2235 = CARTESIAN_POINT('',(0.5,0.4,-2.5));
#2236 = DIRECTION('',(-1.,-0.,0.));
#2237 = DIRECTION('',(0.,2.22044604925E-16,1.));
#2238 = ADVANCED_FACE('',(#2239),#2255,.F.);
#2239 = FACE_BOUND('',#2240,.F.);
#2240 = EDGE_LOOP('',(#2241,#2242,#2248,#2249));
#2241 = ORIENTED_EDGE('',*,*,#2220,.T.);
#2242 = ORIENTED_EDGE('',*,*,#2243,.T.);
#2243 = EDGE_CURVE('',#2213,#2081,#2244,.T.);
#2244 = LINE('',#2245,#2246);
#2245 = CARTESIAN_POINT('',(0.5,-0.4,5.551115123126E-17));
#2246 = VECTOR('',#2247,1.);
#2247 = DIRECTION('',(-1.,0.,0.));
#2248 = ORIENTED_EDGE('',*,*,#2078,.F.);
#2249 = ORIENTED_EDGE('',*,*,#2250,.F.);
#2250 = EDGE_CURVE('',#2221,#2079,#2251,.T.);
#2251 = LINE('',#2252,#2253);
#2252 = CARTESIAN_POINT('',(0.5,0.4,-5.551115123126E-17));
#2253 = VECTOR('',#2254,1.);
#2254 = DIRECTION('',(-1.,0.,0.));
#2255 = PLANE('',#2256);
#2256 = AXIS2_PLACEMENT_3D('',#2257,#2258,#2259);
#2257 = CARTESIAN_POINT('',(0.5,0.4,-8.881784197001E-17));
#2258 = DIRECTION('',(0.,-2.22044604925E-16,-1.));
#2259 = DIRECTION('',(-1.,-0.,0.));
#2260 = ADVANCED_FACE('',(#2261),#2269,.T.);
#2261 = FACE_BOUND('',#2262,.F.);
#2262 = EDGE_LOOP('',(#2263,#2264,#2265,#2266,#2267,#2268));
#2263 = ORIENTED_EDGE('',*,*,#2104,.T.);
#2264 = ORIENTED_EDGE('',*,*,#2135,.T.);
#2265 = ORIENTED_EDGE('',*,*,#2166,.T.);
#2266 = ORIENTED_EDGE('',*,*,#2197,.T.);
#2267 = ORIENTED_EDGE('',*,*,#2228,.T.);
#2268 = ORIENTED_EDGE('',*,*,#2250,.T.);
#2269 = PLANE('',#2270);
#2270 = AXIS2_PLACEMENT_3D('',#2271,#2272,#2273);
#2271 = CARTESIAN_POINT('',(5.140154736776E-17,0.4,-1.674708359702));
#2272 = DIRECTION('',(0.,1.,-4.930380657631E-32));
#2273 = DIRECTION('',(0.,4.930380657631E-32,1.));
#2274 = ADVANCED_FACE('',(#2275),#2283,.F.);
#2275 = FACE_BOUND('',#2276,.T.);
#2276 = EDGE_LOOP('',(#2277,#2278,#2279,#2280,#2281,#2282));
#2277 = ORIENTED_EDGE('',*,*,#2088,.T.);
#2278 = ORIENTED_EDGE('',*,*,#2119,.T.);
#2279 = ORIENTED_EDGE('',*,*,#2150,.T.);
#2280 = ORIENTED_EDGE('',*,*,#2181,.T.);
#2281 = ORIENTED_EDGE('',*,*,#2212,.T.);
#2282 = ORIENTED_EDGE('',*,*,#2243,.T.);
#2283 = PLANE('',#2284);
#2284 = AXIS2_PLACEMENT_3D('',#2285,#2286,#2287);
#2285 = CARTESIAN_POINT('',(5.140154736776E-17,-0.4,-1.674708359702));
#2286 = DIRECTION('',(0.,1.,-4.930380657631E-32));
#2287 = DIRECTION('',(0.,4.930380657631E-32,1.));
#2288 = ( GEOMETRIC_REPRESENTATION_CONTEXT(3) 
GLOBAL_UNCERTAINTY_ASSIGNED_CONTEXT((#2292)) 
GLOBAL_UNIT_ASSIGNED_CONTEXT((#2289,#2290,#2291)) REPRESENTATION_CONTEXT
('Context #1','3D Context with UNIT and UNCERTAINTY') );
#2289 = ( LENGTH_UNIT() NAMED_UNIT(*) SI_UNIT(.MILLI.,.METRE.) );
#2290 = ( NAMED_UNIT(*) PLANE_ANGLE_UNIT() SI_UNIT($,.RADIAN.) );
#2291 = ( NAMED_UNIT(*) SI_UNIT($,.STERADIAN.) SOLID_ANGLE_UNIT() );
#2292 = UNCERTAINTY_MEASURE_WITH_UNIT(LENGTH_MEASURE(1.E-07),#2289,
  'distance_accuracy_value','confusion accuracy');
#2293 = CONTEXT_DEPENDENT_SHAPE_REPRESENTATION(#2294,#2296);
#2294 = ( REPRESENTATION_RELATIONSHIP('','',#2071,#10) 
REPRESENTATION_RELATIONSHIP_WITH_TRANSFORMATION(#2295) 
SHAPE_REPRESENTATION_RELATIONSHIP() );
#2295 = ITEM_DEFINED_TRANSFORMATION('','',#11,#31);
#2296 = PRODUCT_DEFINITION_SHAPE('Placement','Placement of an item',
  #2297);
#2297 = NEXT_ASSEMBLY_USAGE_OCCURRENCE('5','Pin','',#5,#2066,$);
#2298 = PRODUCT_RELATED_PRODUCT_CATEGORY('part',$,(#2068));
#2299 = SHAPE_DEFINITION_REPRESENTATION(#2300,#2306);
#2300 = PRODUCT_DEFINITION_SHAPE('','',#2301);
#2301 = PRODUCT_DEFINITION('design','',#2302,#2305);
#2302 = PRODUCT_DEFINITION_FORMATION('','',#2303);
#2303 = PRODUCT('Pin2','Pin2','',(#2304));
#2304 = PRODUCT_CONTEXT('',#2,'mechanical');
#2305 = PRODUCT_DEFINITION_CONTEXT('part definition',#2,'design');
#2306 = ADVANCED_BREP_SHAPE_REPRESENTATION('',(#11,#2307),#2523);
#2307 = MANIFOLD_SOLID_BREP('',#2308);
#2308 = CLOSED_SHELL('',(#2309,#2349,#2380,#2411,#2442,#2473,#2495,#2509
    ));
#2309 = ADVANCED_FACE('',(#2310),#2344,.F.);
#2310 = FACE_BOUND('',#2311,.F.);
#2311 = EDGE_LOOP('',(#2312,#2322,#2330,#2338));
#2312 = ORIENTED_EDGE('',*,*,#2313,.T.);
#2313 = EDGE_CURVE('',#2314,#2316,#2318,.T.);
#2314 = VERTEX_POINT('',#2315);
#2315 = CARTESIAN_POINT('',(-3.04,0.4,-8.881784197001E-17));
#2316 = VERTEX_POINT('',#2317);
#2317 = CARTESIAN_POINT('',(-3.04,-0.4,8.881784197001E-17));
#2318 = LINE('',#2319,#2320);
#2319 = CARTESIAN_POINT('',(-3.04,0.4,-8.881784197001E-17));
#2320 = VECTOR('',#2321,1.);
#2321 = DIRECTION('',(0.,-1.,2.22044604925E-16));
#2322 = ORIENTED_EDGE('',*,*,#2323,.T.);
#2323 = EDGE_CURVE('',#2316,#2324,#2326,.T.);
#2324 = VERTEX_POINT('',#2325);
#2325 = CARTESIAN_POINT('',(-3.04,-0.4,-2.5));
#2326 = LINE('',#2327,#2328);
#2327 = CARTESIAN_POINT('',(-3.04,-0.4,5.551115123126E-17));
#2328 = VECTOR('',#2329,1.);
#2329 = DIRECTION('',(0.,-2.22044604925E-16,-1.));
#2330 = ORIENTED_EDGE('',*,*,#2331,.F.);
#2331 = EDGE_CURVE('',#2332,#2324,#2334,.T.);
#2332 = VERTEX_POINT('',#2333);
#2333 = CARTESIAN_POINT('',(-3.04,0.4,-2.5));
#2334 = LINE('',#2335,#2336);
#2335 = CARTESIAN_POINT('',(-3.04,0.4,-2.5));
#2336 = VECTOR('',#2337,1.);
#2337 = DIRECTION('',(0.,-1.,2.22044604925E-16));
#2338 = ORIENTED_EDGE('',*,*,#2339,.F.);
#2339 = EDGE_CURVE('',#2314,#2332,#2340,.T.);
#2340 = LINE('',#2341,#2342);
#2341 = CARTESIAN_POINT('',(-3.04,0.4,-5.551115123126E-17));
#2342 = VECTOR('',#2343,1.);
#2343 = DIRECTION('',(0.,-2.22044604925E-16,-1.));
#2344 = PLANE('',#2345);
#2345 = AXIS2_PLACEMENT_3D('',#2346,#2347,#2348);
#2346 = CARTESIAN_POINT('',(-3.04,0.4,-8.881784197001E-17));
#2347 = DIRECTION('',(1.,0.,0.));
#2348 = DIRECTION('',(0.,-2.22044604925E-16,-1.));
#2349 = ADVANCED_FACE('',(#2350),#2375,.F.);
#2350 = FACE_BOUND('',#2351,.F.);
#2351 = EDGE_LOOP('',(#2352,#2353,#2361,#2369));
#2352 = ORIENTED_EDGE('',*,*,#2331,.T.);
#2353 = ORIENTED_EDGE('',*,*,#2354,.T.);
#2354 = EDGE_CURVE('',#2324,#2355,#2357,.T.);
#2355 = VERTEX_POINT('',#2356);
#2356 = CARTESIAN_POINT('',(-2.84,-0.4,-3.5));
#2357 = LINE('',#2358,#2359);
#2358 = CARTESIAN_POINT('',(-3.04,-0.4,-2.5));
#2359 = VECTOR('',#2360,1.);
#2360 = DIRECTION('',(0.196116135138,-2.177326487309E-16,-0.980580675691
    ));
#2361 = ORIENTED_EDGE('',*,*,#2362,.F.);
#2362 = EDGE_CURVE('',#2363,#2355,#2365,.T.);
#2363 = VERTEX_POINT('',#2364);
#2364 = CARTESIAN_POINT('',(-2.84,0.4,-3.5));
#2365 = LINE('',#2366,#2367);
#2366 = CARTESIAN_POINT('',(-2.84,0.4,-3.5));
#2367 = VECTOR('',#2368,1.);
#2368 = DIRECTION('',(0.,-1.,2.22044604925E-16));
#2369 = ORIENTED_EDGE('',*,*,#2370,.F.);
#2370 = EDGE_CURVE('',#2332,#2363,#2371,.T.);
#2371 = LINE('',#2372,#2373);
#2372 = CARTESIAN_POINT('',(-3.04,0.4,-2.5));
#2373 = VECTOR('',#2374,1.);
#2374 = DIRECTION('',(0.196116135138,-2.177326487309E-16,-0.980580675691
    ));
#2375 = PLANE('',#2376);
#2376 = AXIS2_PLACEMENT_3D('',#2377,#2378,#2379);
#2377 = CARTESIAN_POINT('',(-3.04,0.4,-2.5));
#2378 = DIRECTION('',(0.980580675691,4.354652974618E-17,0.196116135138)
  );
#2379 = DIRECTION('',(0.196116135138,-2.177326487309E-16,-0.980580675691
    ));
#2380 = ADVANCED_FACE('',(#2381),#2406,.F.);
#2381 = FACE_BOUND('',#2382,.F.);
#2382 = EDGE_LOOP('',(#2383,#2384,#2392,#2400));
#2383 = ORIENTED_EDGE('',*,*,#2362,.T.);
#2384 = ORIENTED_EDGE('',*,*,#2385,.T.);
#2385 = EDGE_CURVE('',#2355,#2386,#2388,.T.);
#2386 = VERTEX_POINT('',#2387);
#2387 = CARTESIAN_POINT('',(-2.24,-0.4,-3.5));
#2388 = LINE('',#2389,#2390);
#2389 = CARTESIAN_POINT('',(-2.84,-0.4,-3.5));
#2390 = VECTOR('',#2391,1.);
#2391 = DIRECTION('',(1.,0.,0.));
#2392 = ORIENTED_EDGE('',*,*,#2393,.F.);
#2393 = EDGE_CURVE('',#2394,#2386,#2396,.T.);
#2394 = VERTEX_POINT('',#2395);
#2395 = CARTESIAN_POINT('',(-2.24,0.4,-3.5));
#2396 = LINE('',#2397,#2398);
#2397 = CARTESIAN_POINT('',(-2.24,0.4,-3.5));
#2398 = VECTOR('',#2399,1.);
#2399 = DIRECTION('',(0.,-1.,2.22044604925E-16));
#2400 = ORIENTED_EDGE('',*,*,#2401,.F.);
#2401 = EDGE_CURVE('',#2363,#2394,#2402,.T.);
#2402 = LINE('',#2403,#2404);
#2403 = CARTESIAN_POINT('',(-2.84,0.4,-3.5));
#2404 = VECTOR('',#2405,1.);
#2405 = DIRECTION('',(1.,0.,0.));
#2406 = PLANE('',#2407);
#2407 = AXIS2_PLACEMENT_3D('',#2408,#2409,#2410);
#2408 = CARTESIAN_POINT('',(-2.84,0.4,-3.5));
#2409 = DIRECTION('',(0.,2.22044604925E-16,1.));
#2410 = DIRECTION('',(1.,0.,0.));
#2411 = ADVANCED_FACE('',(#2412),#2437,.F.);
#2412 = FACE_BOUND('',#2413,.F.);
#2413 = EDGE_LOOP('',(#2414,#2415,#2423,#2431));
#2414 = ORIENTED_EDGE('',*,*,#2393,.T.);
#2415 = ORIENTED_EDGE('',*,*,#2416,.T.);
#2416 = EDGE_CURVE('',#2386,#2417,#2419,.T.);
#2417 = VERTEX_POINT('',#2418);
#2418 = CARTESIAN_POINT('',(-2.04,-0.4,-2.5));
#2419 = LINE('',#2420,#2421);
#2420 = CARTESIAN_POINT('',(-2.24,-0.4,-3.5));
#2421 = VECTOR('',#2422,1.);
#2422 = DIRECTION('',(0.196116135138,2.177326487309E-16,0.980580675691)
  );
#2423 = ORIENTED_EDGE('',*,*,#2424,.F.);
#2424 = EDGE_CURVE('',#2425,#2417,#2427,.T.);
#2425 = VERTEX_POINT('',#2426);
#2426 = CARTESIAN_POINT('',(-2.04,0.4,-2.5));
#2427 = LINE('',#2428,#2429);
#2428 = CARTESIAN_POINT('',(-2.04,0.4,-2.5));
#2429 = VECTOR('',#2430,1.);
#2430 = DIRECTION('',(0.,-1.,2.22044604925E-16));
#2431 = ORIENTED_EDGE('',*,*,#2432,.F.);
#2432 = EDGE_CURVE('',#2394,#2425,#2433,.T.);
#2433 = LINE('',#2434,#2435);
#2434 = CARTESIAN_POINT('',(-2.24,0.4,-3.5));
#2435 = VECTOR('',#2436,1.);
#2436 = DIRECTION('',(0.196116135138,2.177326487309E-16,0.980580675691)
  );
#2437 = PLANE('',#2438);
#2438 = AXIS2_PLACEMENT_3D('',#2439,#2440,#2441);
#2439 = CARTESIAN_POINT('',(-2.24,0.4,-3.5));
#2440 = DIRECTION('',(-0.980580675691,4.354652974618E-17,0.196116135138)
  );
#2441 = DIRECTION('',(0.196116135138,2.177326487309E-16,0.980580675691)
  );
#2442 = ADVANCED_FACE('',(#2443),#2468,.F.);
#2443 = FACE_BOUND('',#2444,.F.);
#2444 = EDGE_LOOP('',(#2445,#2446,#2454,#2462));
#2445 = ORIENTED_EDGE('',*,*,#2424,.T.);
#2446 = ORIENTED_EDGE('',*,*,#2447,.T.);
#2447 = EDGE_CURVE('',#2417,#2448,#2450,.T.);
#2448 = VERTEX_POINT('',#2449);
#2449 = CARTESIAN_POINT('',(-2.04,-0.4,8.881784197001E-17));
#2450 = LINE('',#2451,#2452);
#2451 = CARTESIAN_POINT('',(-2.04,-0.4,-2.5));
#2452 = VECTOR('',#2453,1.);
#2453 = DIRECTION('',(0.,2.22044604925E-16,1.));
#2454 = ORIENTED_EDGE('',*,*,#2455,.F.);
#2455 = EDGE_CURVE('',#2456,#2448,#2458,.T.);
#2456 = VERTEX_POINT('',#2457);
#2457 = CARTESIAN_POINT('',(-2.04,0.4,-8.881784197001E-17));
#2458 = LINE('',#2459,#2460);
#2459 = CARTESIAN_POINT('',(-2.04,0.4,-8.881784197001E-17));
#2460 = VECTOR('',#2461,1.);
#2461 = DIRECTION('',(0.,-1.,2.22044604925E-16));
#2462 = ORIENTED_EDGE('',*,*,#2463,.F.);
#2463 = EDGE_CURVE('',#2425,#2456,#2464,.T.);
#2464 = LINE('',#2465,#2466);
#2465 = CARTESIAN_POINT('',(-2.04,0.4,-2.5));
#2466 = VECTOR('',#2467,1.);
#2467 = DIRECTION('',(0.,2.22044604925E-16,1.));
#2468 = PLANE('',#2469);
#2469 = AXIS2_PLACEMENT_3D('',#2470,#2471,#2472);
#2470 = CARTESIAN_POINT('',(-2.04,0.4,-2.5));
#2471 = DIRECTION('',(-1.,0.,0.));
#2472 = DIRECTION('',(0.,2.22044604925E-16,1.));
#2473 = ADVANCED_FACE('',(#2474),#2490,.F.);
#2474 = FACE_BOUND('',#2475,.F.);
#2475 = EDGE_LOOP('',(#2476,#2477,#2483,#2484));
#2476 = ORIENTED_EDGE('',*,*,#2455,.T.);
#2477 = ORIENTED_EDGE('',*,*,#2478,.T.);
#2478 = EDGE_CURVE('',#2448,#2316,#2479,.T.);
#2479 = LINE('',#2480,#2481);
#2480 = CARTESIAN_POINT('',(-2.04,-0.4,5.551115123126E-17));
#2481 = VECTOR('',#2482,1.);
#2482 = DIRECTION('',(-1.,0.,0.));
#2483 = ORIENTED_EDGE('',*,*,#2313,.F.);
#2484 = ORIENTED_EDGE('',*,*,#2485,.F.);
#2485 = EDGE_CURVE('',#2456,#2314,#2486,.T.);
#2486 = LINE('',#2487,#2488);
#2487 = CARTESIAN_POINT('',(-2.04,0.4,-5.551115123126E-17));
#2488 = VECTOR('',#2489,1.);
#2489 = DIRECTION('',(-1.,0.,0.));
#2490 = PLANE('',#2491);
#2491 = AXIS2_PLACEMENT_3D('',#2492,#2493,#2494);
#2492 = CARTESIAN_POINT('',(-2.04,0.4,-8.881784197001E-17));
#2493 = DIRECTION('',(0.,-2.22044604925E-16,-1.));
#2494 = DIRECTION('',(-1.,0.,0.));
#2495 = ADVANCED_FACE('',(#2496),#2504,.T.);
#2496 = FACE_BOUND('',#2497,.F.);
#2497 = EDGE_LOOP('',(#2498,#2499,#2500,#2501,#2502,#2503));
#2498 = ORIENTED_EDGE('',*,*,#2339,.T.);
#2499 = ORIENTED_EDGE('',*,*,#2370,.T.);
#2500 = ORIENTED_EDGE('',*,*,#2401,.T.);
#2501 = ORIENTED_EDGE('',*,*,#2432,.T.);
#2502 = ORIENTED_EDGE('',*,*,#2463,.T.);
#2503 = ORIENTED_EDGE('',*,*,#2485,.T.);
#2504 = PLANE('',#2505);
#2505 = AXIS2_PLACEMENT_3D('',#2506,#2507,#2508);
#2506 = CARTESIAN_POINT('',(-2.54,0.4,-1.674708359702));
#2507 = DIRECTION('',(0.,1.,-4.930380657631E-32));
#2508 = DIRECTION('',(0.,4.930380657631E-32,1.));
#2509 = ADVANCED_FACE('',(#2510),#2518,.F.);
#2510 = FACE_BOUND('',#2511,.T.);
#2511 = EDGE_LOOP('',(#2512,#2513,#2514,#2515,#2516,#2517));
#2512 = ORIENTED_EDGE('',*,*,#2323,.T.);
#2513 = ORIENTED_EDGE('',*,*,#2354,.T.);
#2514 = ORIENTED_EDGE('',*,*,#2385,.T.);
#2515 = ORIENTED_EDGE('',*,*,#2416,.T.);
#2516 = ORIENTED_EDGE('',*,*,#2447,.T.);
#2517 = ORIENTED_EDGE('',*,*,#2478,.T.);
#2518 = PLANE('',#2519);
#2519 = AXIS2_PLACEMENT_3D('',#2520,#2521,#2522);
#2520 = CARTESIAN_POINT('',(-2.54,-0.4,-1.674708359702));
#2521 = DIRECTION('',(0.,1.,-4.930380657631E-32));
#2522 = DIRECTION('',(0.,4.930380657631E-32,1.));
#2523 = ( GEOMETRIC_REPRESENTATION_CONTEXT(3) 
GLOBAL_UNCERTAINTY_ASSIGNED_CONTEXT((#2527)) 
GLOBAL_UNIT_ASSIGNED_CONTEXT((#2524,#2525,#2526)) REPRESENTATION_CONTEXT
('Context #1','3D Context with UNIT and UNCERTAINTY') );
#2524 = ( LENGTH_UNIT() NAMED_UNIT(*) SI_UNIT(.MILLI.,.METRE.) );
#2525 = ( NAMED_UNIT(*) PLANE_ANGLE_UNIT() SI_UNIT($,.RADIAN.) );
#2526 = ( NAMED_UNIT(*) SI_UNIT($,.STERADIAN.) SOLID_ANGLE_UNIT() );
#2527 = UNCERTAINTY_MEASURE_WITH_UNIT(LENGTH_MEASURE(1.E-07),#2524,
  'distance_accuracy_value','confusion accuracy');
#2528 = CONTEXT_DEPENDENT_SHAPE_REPRESENTATION(#2529,#2531);
#2529 = ( REPRESENTATION_RELATIONSHIP('','',#2306,#10) 
REPRESENTATION_RELATIONSHIP_WITH_TRANSFORMATION(#2530) 
SHAPE_REPRESENTATION_RELATIONSHIP() );
#2530 = ITEM_DEFINED_TRANSFORMATION('','',#11,#35);
#2531 = PRODUCT_DEFINITION_SHAPE('Placement','Placement of an item',
  #2532);
#2532 = NEXT_ASSEMBLY_USAGE_OCCURRENCE('6','Pin2','',#5,#2301,$);
#2533 = PRODUCT_RELATED_PRODUCT_CATEGORY('part',$,(#2303));
#2534 = MECHANICAL_DESIGN_GEOMETRIC_PRESENTATION_REPRESENTATION('',(
    #2535),#1746);
#2535 = STYLED_ITEM('color',(#2536),#1458);
#2536 = PRESENTATION_STYLE_ASSIGNMENT((#2537,#2543));
#2537 = SURFACE_STYLE_USAGE(.BOTH.,#2538);
#2538 = SURFACE_SIDE_STYLE('',(#2539));
#2539 = SURFACE_STYLE_FILL_AREA(#2540);
#2540 = FILL_AREA_STYLE('',(#2541));
#2541 = FILL_AREA_STYLE_COLOUR('',#2542);
#2542 = COLOUR_RGB('',0.800000010877,0.800000010877,0.800000010877);
#2543 = CURVE_STYLE('',#2544,POSITIVE_LENGTH_MEASURE(0.1),#2545);
#2544 = DRAUGHTING_PRE_DEFINED_CURVE_FONT('continuous');
#2545 = COLOUR_RGB('',9.803921802644E-02,9.803921802644E-02,
  9.803921802644E-02);
#2546 = MECHANICAL_DESIGN_GEOMETRIC_PRESENTATION_REPRESENTATION('',(
    #2547),#2523);
#2547 = STYLED_ITEM('color',(#2548),#2307);
#2548 = PRESENTATION_STYLE_ASSIGNMENT((#2549,#2554));
#2549 = SURFACE_STYLE_USAGE(.BOTH.,#2550);
#2550 = SURFACE_SIDE_STYLE('',(#2551));
#2551 = SURFACE_STYLE_FILL_AREA(#2552);
#2552 = FILL_AREA_STYLE('',(#2553));
#2553 = FILL_AREA_STYLE_COLOUR('',#2542);
#2554 = CURVE_STYLE('',#2555,POSITIVE_LENGTH_MEASURE(0.1),#2545);
#2555 = DRAUGHTING_PRE_DEFINED_CURVE_FONT('continuous');
#2556 = MECHANICAL_DESIGN_GEOMETRIC_PRESENTATION_REPRESENTATION('',(
    #2557),#1270);
#2557 = STYLED_ITEM('color',(#2558),#53);
#2558 = PRESENTATION_STYLE_ASSIGNMENT((#2559,#2565));
#2559 = SURFACE_STYLE_USAGE(.BOTH.,#2560);
#2560 = SURFACE_SIDE_STYLE('',(#2561));
#2561 = SURFACE_STYLE_FILL_AREA(#2562);
#2562 = FILL_AREA_STYLE('',(#2563));
#2563 = FILL_AREA_STYLE_COLOUR('',#2564);
#2564 = COLOUR_RGB('',0.341176475329,0.729411790161,0.854901964685);
#2565 = CURVE_STYLE('',#2566,POSITIVE_LENGTH_MEASURE(0.1),#2545);
#2566 = DRAUGHTING_PRE_DEFINED_CURVE_FONT('continuous');
#2567 = MECHANICAL_DESIGN_GEOMETRIC_PRESENTATION_REPRESENTATION('',(
    #2568),#1439);
#2568 = STYLED_ITEM('color',(#2569),#1289);
#2569 = PRESENTATION_STYLE_ASSIGNMENT((#2570,#2575));
#2570 = SURFACE_STYLE_USAGE(.BOTH.,#2571);
#2571 = SURFACE_SIDE_STYLE('',(#2572));
#2572 = SURFACE_STYLE_FILL_AREA(#2573);
#2573 = FILL_AREA_STYLE('',(#2574));
#2574 = FILL_AREA_STYLE_COLOUR('',#2542);
#2575 = CURVE_STYLE('',#2576,POSITIVE_LENGTH_MEASURE(0.1),#2545);
#2576 = DRAUGHTING_PRE_DEFINED_CURVE_FONT('continuous');
#2577 = MECHANICAL_DESIGN_GEOMETRIC_PRESENTATION_REPRESENTATION('',(
    #2578),#2288);
#2578 = STYLED_ITEM('color',(#2579),#2072);
#2579 = PRESENTATION_STYLE_ASSIGNMENT((#2580,#2585));
#2580 = SURFACE_STYLE_USAGE(.BOTH.,#2581);
#2581 = SURFACE_SIDE_STYLE('',(#2582));
#2582 = SURFACE_STYLE_FILL_AREA(#2583);
#2583 = FILL_AREA_STYLE('',(#2584));
#2584 = FILL_AREA_STYLE_COLOUR('',#2542);
#2585 = CURVE_STYLE('',#2586,POSITIVE_LENGTH_MEASURE(0.1),#2545);
#2586 = DRAUGHTING_PRE_DEFINED_CURVE_FONT('continuous');
#2587 = MECHANICAL_DESIGN_GEOMETRIC_PRESENTATION_REPRESENTATION('',(
    #2588),#2053);
#2588 = STYLED_ITEM('color',(#2589),#1765);
#2589 = PRESENTATION_STYLE_ASSIGNMENT((#2590,#2595));
#2590 = SURFACE_STYLE_USAGE(.BOTH.,#2591);
#2591 = SURFACE_SIDE_STYLE('',(#2592));
#2592 = SURFACE_STYLE_FILL_AREA(#2593);
#2593 = FILL_AREA_STYLE('',(#2594));
#2594 = FILL_AREA_STYLE_COLOUR('',#2542);
#2595 = CURVE_STYLE('',#2596,POSITIVE_LENGTH_MEASURE(0.1),#2545);
#2596 = DRAUGHTING_PRE_DEFINED_CURVE_FONT('continuous');
ENDSEC;
END-ISO-10303-21;
